excel_row;clasificacion;accion_sugerida;match_type;material_id_candidato;descripcion_candidato;score_candidato;item_original;cantidad_k55_excel;unidad;k37_actual;k52_actual;k55_actual;proveedor;rubro;observacion;flag_original;motivo_revision
2;STD;REUSAR_ID_Y_SET_K55;EXACTO;ac5fdea1-9bdd-4b1e-98ea-54725dcd3b3e;"Abrazadera inox 1""";1.000;"Abrazadera inox 1""";32;Unidades;10.0;0;0;;Sanitarios;;STD;
3;STD;REUSAR_ID_Y_SET_K55;EXACTO;b00cefec-d911-4619-b48e-421bfb31d246;"Abrazadera inox 1½""";1.000;"Abrazadera inox 1½""";38;Unidades;10.0;0;0;;Sanitarios;;STD;
4;STD;REUSAR_ID_Y_SET_K55;EXACTO;153b39e4-c586-41ce-a180-7deeec1416d8;"Abrazadera inox 3/4""";1.000;"Abrazadera inox 3/4""";44;Unidades;8;0;0;;Sanitarios;;STD;
5;STD;CREAR_MATERIAL_Y_SET_K55;NUEVO;;;;Adaptador tunel sternthruster 250mm;1;Unidades;;;;Flojumar;Mecanica;;STD;
6;STD;REUSAR_ID_Y_SET_K55;EXACTO;cc87231c-d12b-4c0f-8bdd-e3357aca99dd;Aire acondicionado 16000 BTU;1.000;Aire acondicionado 16000 BTU;3;Unidades;1;0;0;Flojumar;Electricidad;Frio calor platinum, con control, cable y control inalambrico;STD;
7;STD;REVISAR_ANTES_DE_MATRIZ;PROBABLE;cc87231c-d12b-4c0f-8bdd-e3357aca99dd;Aire acondicionado 16000 BTU;0.600;Aire acondicionado 6.000 btu;1;Unidades;1;0;0;Flojumar;Electricidad;Frio calor platinum, con control, cable y control inalambrico;STD;match difuso: no fusionar automatico
8;STD;REUSAR_ID_Y_SET_K55;EXACTO;babc7783-bbe9-46da-bebb-9952c81747fa;Anafe vitrocerámica 2 hornallas;1.000;Anafe vitrocerámica 2 hornallas;1;Unidades;1.0;0;0;;Electricidad;SAMSUNG CTR432;STD;
9;STD;CREAR_MATERIAL_Y_SET_K55;NUEVO;;;;Ancla Bruce 30kg galvanizada;1;Unidades;;;;Baron;Carpinteria;;STD;
10;STD;REUSAR_ID_Y_SET_K55;EXACTO;e476e8a2-6556-491e-aef2-c306266d642c;Ánodo de flaps;1.000;Ánodo de flaps;2;Unidades;2.0;0;0;Flojumar;Mecanica;PERFORMANCE METAL USA;STD;
11;STD;CREAR_MATERIAL_Y_SET_K55;NUEVO;;;;"Ánodo eje 2 3/4""";2;Unidades;;;;Flojumar;Mecanica;PERFORMANCE METAL USA;STD;
12;STD;CREAR_MATERIAL_Y_SET_K55;NUEVO;;;;Ánodo escudo PLACA 30X15;1;Unidades;;;;Flojumar;Mecanica;PERFORMANCE METAL USA;STD;
13;STD;REVISAR_ANTES_DE_MATRIZ;PROBABLE;29687db1-d64d-4f74-bd3c-fb8a51af0a57;Ánodo timón;0.667;Ánodo timón 95MM;2;Unidades;2.0;0;0;Flojumar;Mecanica;PERFORMANCE METAL USA;STD;match difuso: no fusionar automatico
14;STD;CREAR_MATERIAL_Y_SET_K55;NUEVO;;;;Antena Starlink mini (Kit);1;Unidades;;;;MercadoLibre;Electricidad;https://www.mercadolibre.com.ar/kit-de-internet-via-satelite-starlink-mini-blanco/p/MLA40656539?pdp_filters=shipping:fulfillment#intervention_type=full&position=1&search_layout=grid&type=cart_intervention&tracking_id=1b74b38a-9d24-4561-abcc-a33a89df7c66;STD;
15;STD;REUSAR_ID_Y_SET_K55;EXACTO;df54fb2c-f42c-49e8-95bf-42ed3cda26a2;Antena VHF + base;1.000;Antena VHF + base;2;Unidades;1.0;0;0;Flojumar;Electricidad;SHAKESPEARE 2.4M CON BASE ACERO INOXIDABLE;STD;
16;STD;REUSAR_ID_Y_SET_K55;EXACTO;d6ea9390-4239-4aa2-9583-7e61287d5c6b;Antirruido metalizado sala maquinas;1.000;Antirruido metalizado sala maquinas;30;Metros^2;20.0;0;0;;Mecanica;;STD;
17;STD;CREAR_MATERIAL_Y_SET_K55;NUEVO;;;;Automatico Johnson pump 20A;4;Unidades;;;;Flojumar;Electricidad;BOMBAS DE ACHIQUE;STD;
18;OPC;NO_MATRIZ;NUEVO;;;;Bacha (Camarote Marinero), modelo?? Griferia??;1;Unidades;;;;;;Opcional camarote marinero;OPC;clasificacion OPC: no matriz base | modelo/dato con ??
19;OBRA_ESPECIFICA;NO_MATRIZ;NUEVO;;;;Bacha de cocina negra -SOLO BARCO 55-2;1;Unidades;;;;;Carpinteria;https://piletas.johnsonacero.com/catalogo/piletas-de-cocina/signature-enkel-55-gun-black-nano-pvd/;55-2;clasificacion OBRA_ESPECIFICA: no matriz base
20;OBRA_ESPECIFICA;NO_MATRIZ;NUEVO;;;;Bacha en popa con mueble, cual?;1;Unidades;;;;;Sanitarios;Grill KENION y BACHA en popa con mueble;55-1;clasificacion OBRA_ESPECIFICA: no matriz base
21;STD;CREAR_MATERIAL_Y_SET_K55;NUEVO;;;;Bacha Johnson Z52, profundidad 15cm;1;Unidades;;;;;Carpinteria;PROFUNDIDAD 15cm, con sopapa, para cocina;STD;
22;STD;CREAR_MATERIAL_Y_SET_K55;NUEVO;;;;Bacha Piazza A426 Blanco;2;Unidades;;;;;Carpinteria;Baños proa y popa;STD;
23;STD;CREAR_MATERIAL_Y_SET_K55;NUEVO;;;;Baranda hueco flybridge K55;1;Unidades;;;;Maxi Herrero;;;STD;
24;STD;CREAR_MATERIAL_Y_SET_K55;NUEVO;;;;Baranda perimetral +18 tinteros K55;1;Unidades;;;;Maxi Herrero;;;STD;
25;STD;CREAR_MATERIAL_Y_SET_K55;NUEVO;;;;"Barra 2 1/2"" inox 316 L=1000mm";2;Unidades;;;;;Mecanica;;STD;
26;STD;CREAR_MATERIAL_Y_SET_K55;NUEVO;;;;"Barra 2 3/4"" inox 316 L=3000mm";2;Unidades;;;;;Mecanica;;STD;
27;OBRA_ESPECIFICA;NO_MATRIZ;NUEVO;;;;Barra de sonido LG sk1d;2;Unidades;;;;;Electricidad;Camarote popa y salon;55-1;clasificacion OBRA_ESPECIFICA: no matriz base
28;STD;CREAR_MATERIAL_Y_SET_K55;NUEVO;;;;Barral de ropero;2;Metros;;;;;Carpinteria;Vestidor y camarote proa;STD;
29;STD;CREAR_MATERIAL_Y_SET_K55;NUEVO;;;;Base mesa chica flybridge K55;1;Unidades;;;;Maxi Herrero;;;STD;
30;STD;CREAR_MATERIAL_Y_SET_K55;NUEVO;;;;Base mesa grande flybridge K55;1;Unidades;;;;Maxi Herrero;;;STD;
31;STD;REUSAR_ID_Y_SET_K55;EXACTO;f68590a3-750a-426d-ab91-b6d43f6b1cd6;Baterías 12v 180Ah;1.000;Baterías 12v 180Ah;13;Unidades;4;0;0;;;5 Servicio, 2 bow, 2 stern, 2 cada motor;STD;
32;STD;REVISAR_ANTES_DE_MATRIZ;PROBABLE;f60a174a-e250-4f29-b084-d7b19e4e2f12;Bisagra codo 9 + base con clip;1.000;Bisagra codo 0 + base con clip;20;Unidades;30.0;0;0;;Carpinteria;Puertas alacenas;STD;match difuso: no fusionar automatico
33;OBRA_ESPECIFICA;NO_MATRIZ;EXACTO;0da15e33-7a69-48aa-838b-1bf72a7630d2;Bisagra codo 18 + base con clip;1.000;Bisagra codo 18 + base con clip;2;Unidades;4;0;0;;Carpinteria;Puertas mueble banda camarote 55-1;55-1;clasificacion OBRA_ESPECIFICA: no matriz base
34;STD;REUSAR_ID_Y_SET_K55;EXACTO;f60a174a-e250-4f29-b084-d7b19e4e2f12;Bisagra codo 9 + base con clip;1.000;Bisagra codo 9 + base con clip;34;Unidades;30.0;0;0;;Carpinteria;Puertas roperos;STD;
35;STD;REUSAR_ID_Y_SET_K55;EXACTO;ed03965a-9ca9-42fa-8a21-e4a13c974566;Bisagra oculta para puertas;1.000;Bisagra oculta para puertas;21;Unidades;14.0;0;0;;;7 puertas;STD;
36;STD;CREAR_MATERIAL_Y_SET_K55;NUEVO;;;;Bisagra oculta para puertas - OPCIONAL sin vestidor;18;Unidades;;;;;;6 puertas;STD;
37;STD;CREAR_MATERIAL_Y_SET_K55;NUEVO;;;;Bisagra tipo piano;1.5;Metros;;;;;Carpinteria;Muebles babor salon, estribor camarote popa;STD;
38;OBRA_ESPECIFICA;NO_MATRIZ;NUEVO;;;;Bisagras codo 9 - OPCIONAL camarote sin vestidor;8;Unidades;;;;;;;55-2/3/4;clasificacion OBRA_ESPECIFICA: no matriz base
39;STD;CREAR_MATERIAL_Y_SET_K55;NUEVO;;;;Bitas K55;8;Unidades;;;;Maxi Herrero;Carpinteria;2 en planchada y 2 en pasamanos 4 cruzadas y lineales;STD;
40;STD;CREAR_MATERIAL_Y_SET_K55;NUEVO;;;;Bocina Marinco doble INOX electrica 12v;1;Unidades;;;;Flojumar;Electricidad;;STD;
41;STD;REUSAR_ID_Y_SET_K55;EXACTO;adc7bd8f-fe7e-4cf3-bf35-5212e176c354;Bomba achique 2000gph 12V;1.000;Bomba achique 2000gph 12V;3;Unidades;3;0;0;Flojumar;Electricidad;STD RULE, variante: Johnson pump 2200gph 12V;STD;
42;STD;REVISAR_ANTES_DE_MATRIZ;PROBABLE;adc7bd8f-fe7e-4cf3-bf35-5212e176c354;Bomba achique 2000gph 12V;0.600;Bomba achique 4000gph 12V;1;Unidades;3;0;0;Flojumar;Electricidad;Achique sala maquinas;STD;match difuso: no fusionar automatico
43;STD;CREAR_MATERIAL_Y_SET_K55;NUEVO;;;;Bomba aire acondicionado 220v 500gph;4;Unidades;;;;Flojumar;Electricidad;Koolair pump PM 500-230;STD;
44;STD;CREAR_MATERIAL_Y_SET_K55;NUEVO;;;;Bomba dual 10.4gpm 12v johnson pump;1;Unidades;;;;Flojumar;Electricidad;Presurizadora de agua potable;STD;
45;OPC;NO_MATRIZ;NUEVO;;;;Bomba p/duchador agua de rio;1;Unidades;;;;;Sanitarios;opcional duchador y bomba de rio;OPC;clasificacion OPC: no matriz base
46;STD;REUSAR_ID_Y_SET_K55;EXACTO;fafa3d1a-adf9-4d42-bd83-85a5eaf3dffa;Botazo plástico blanco;1.000;Botazo plástico blanco;44;Metros;27.0;0;0;;;Mismo modelo que el K52;STD;
47;OBRA_ESPECIFICA;NO_MATRIZ;NUEVO;;;;Bowthruster Sleipner side-power 160kh 12V + STERN;1;Unidades;;;;Trimer;Electricidad;Kit Incluye bow y stern + tunel stern + 2 dockingpanel;55-3/4;clasificacion OBRA_ESPECIFICA: no matriz base
48;VAR;NO_MATRIZ;NUEVO;;;;BOWTHURSTER QUICK DOBLE HELICE 6,5 KW 250MM 12V;1;Unidades;;;;Flojumar;Electricidad;;VAR;clasificacion VAR: no matriz base
49;STD;CREAR_MATERIAL_Y_SET_K55;NUEVO;;;;"Brida cuadrada inox 316, medidas 300 mm interior x 400 mm exterior, espesor = 1/4""";2;Unidades;;;;;Mecanica;TANQUES;STD;
50;STD;CREAR_MATERIAL_Y_SET_K55;NUEVO;;;;Brida de 100 mm interior x 160 mm exterior x 3/8. Inox 316;2;Unidades;;;;;Mecanica;;STD;
51;STD;CREAR_MATERIAL_Y_SET_K55;NUEVO;;;;"Brida de 85 mm interior x 160 mm exterior x 3/8"". Inox 316";2;Unidades;;;;;Mecanica;;STD;
52;STD;CREAR_MATERIAL_Y_SET_K55;NUEVO;;;;Bridas inox + bocina mecanizada y perforada;2;Unidades;;;;Flojumar;Mecanica;;STD;
53;STD;REVISAR_ANTES_DE_MATRIZ;PROBABLE;2e7c9408-e316-47fe-b7c4-6df1b622ded5;"Buje reduc. 1"" x 3/4"" plástico";0.667;"Buje reduc. 1 1/2"" x 1"" plástico";1;Unidades;1;0;0;Casa Iriarte;Sanitarios;C 110 11/2 X 1 F;STD;match difuso: no fusionar automatico
54;STD;REVISAR_ANTES_DE_MATRIZ;PROBABLE;4aef4b86-f087-43cd-8f72-308ac001d785;"Buje reduc. 3/4"" x 1/2""";0.800;"Buje reduc. 1 1/2"" x 3/4"" plástico";2;Unidades;1;0;0;Casa Iriarte;Sanitarios;C 110 11/2 X 3/4;STD;match difuso: no fusionar automatico
55;STD;REVISAR_ANTES_DE_MATRIZ;PROBABLE;820c4e00-a66d-4bb4-a1d6-08bbdecf60e4;"Buje reduc. 1 1/4"" x 1""";0.800;"Buje reduc. 1 1/4"" x 1"" plástico";4;Unidades;1;0;0;Casa Iriarte;Sanitarios;PX BUJRED11/4>;STD;match difuso: no fusionar automatico
56;STD;REUSAR_ID_Y_SET_K55;EXACTO;2e7c9408-e316-47fe-b7c4-6df1b622ded5;"Buje reduc. 1"" x 3/4"" plástico";1.000;"Buje reduc. 1"" x 3/4"" plástico";2;Unidades;1;0;0;Casa Iriarte;Sanitarios;PX BUJRED1X3/4;STD;
57;STD;REVISAR_ANTES_DE_MATRIZ;PROBABLE;4aef4b86-f087-43cd-8f72-308ac001d785;"Buje reduc. 3/4"" x 1/2""";0.800;"Buje reduc. 3/4"" x 1/2"" plástico";2;Unidades;1;0;0;Casa Iriarte;Sanitarios;C 110 3/4 X 1/2;STD;match difuso: no fusionar automatico
58;STD;CREAR_MATERIAL_Y_SET_K55;NUEVO;;;;"Bujes de bronce y goma para eje de 2 3/4""";3;Unidades;;;;Parra;Mecanica;"Buje Duramax para eje de 2 3/4"", 85.73 mm exterior, 279 mm largo";STD;
59;OPC;NO_MATRIZ;NUEVO;;;;Cable alargue Quick 12 metros;4;Unidades;;;;Flojumar;Electricidad;OPCIONAL CABLES;OPC;clasificacion OPC: no matriz base
60;STD;CREAR_MATERIAL_Y_SET_K55;NUEVO;;;;Cable tipo Marinco 3x10mm;12;Metros;;;;Flojumar;Electricidad;;STD;
61;OPC;NO_MATRIZ;NUEVO;;;;Cable y derivacion 2 estaciones Quick;2;Unidades;;;;Flojumar;Electricidad;OPCIONAL CABLES;OPC;clasificacion OPC: no matriz base
62;STD;CREAR_MATERIAL_Y_SET_K55;NUEVO;;;;Cableado A salon K55;1;Unidades;;;;;Electricidad;Merniez;STD;
63;STD;CREAR_MATERIAL_Y_SET_K55;NUEVO;;;;Cableado B camarote principal K55;1;Unidades;;;;;Electricidad;Merniez;STD;
64;STD;CREAR_MATERIAL_Y_SET_K55;NUEVO;;;;Cableado C cocina K55;1;Unidades;;;;;Electricidad;Merniez;STD;
65;STD;CREAR_MATERIAL_Y_SET_K55;NUEVO;;;;Cableado D camarote de proa K55;1;Unidades;;;;;Electricidad;Merniez;STD;
66;STD;CREAR_MATERIAL_Y_SET_K55;NUEVO;;;;Cabos 18mm x 12m negro;4;Unidades;;;;;;Amarre;STD;
67;STD;REVISAR_ANTES_DE_MATRIZ;PROBABLE;15b642f0-2b8f-486e-9b8b-0eee0657ed50;Cadena 6mm calibrada galvanizada;0.600;Cadena 10mm calibrada galvanizada;50;Metros;50.0;0;0;Flojumar;Mecanica;Fondeo;STD;match difuso: no fusionar automatico
68;STD;CREAR_MATERIAL_Y_SET_K55;NUEVO;;;;Caja drenaje ducha 1000 GPH;2;Unidades;;;;Flojumar;Electricidad;CAJA DUCHA JOHNSON PUMP 12V 1000 GPH USA;STD;
69;STD;CREAR_MATERIAL_Y_SET_K55;NUEVO;;;;Caja paso Roker Pr1005;1;Unidades;;;;;Electricidad;162x212x81mm;STD;
70;STD;CREAR_MATERIAL_Y_SET_K55;NUEVO;;;;Caja paso Roker Pr1010/106;4;Unidades;;;;;Electricidad;300x230x106mm;STD;
71;STD;CREAR_MATERIAL_Y_SET_K55;NUEVO;;;;Cajas exteriores cambre;3;Unidades;;;;;Electricidad;;STD;
72;STD;REUSAR_ID_Y_SET_K55;EXACTO;c757c46b-dd25-48fd-ab6f-7b885ebdb30b;Calefactor Autoterm Air 4D 12V 4000W;1.000;Calefactor Autoterm Air 4D 12V 4000W;2;Unidades;1.0;0;0;Baron;Sanitarios;(con Comando y kit instalación) Código: C89412;STD;
73;STD;CREAR_MATERIAL_Y_SET_K55;NUEVO;;;;"Cañeria termofusion 1""";56;Metros;;;;;Sanitarios;TERMOFUSION;STD;
74;STD;CREAR_MATERIAL_Y_SET_K55;NUEVO;;;;Canilla de bacha flybridge;1;Unidades;;;;Baron;;Código: C34856;STD;
75;STD;CREAR_MATERIAL_Y_SET_K55;NUEVO;;;;Canilla de cocina;1;Unidades;;;;MercadoLibre;Sanitarios;https://fvsa.com/productos/0412-96p-augusta-profesional-juego-monocomando-para-mesada-de-cocina/;STD;
76;OBRA_ESPECIFICA;NO_MATRIZ;NUEVO;;;;Canilla de cocina - COLOR NEGRO;1;Unidades;;;;MercadoLibre;Sanitarios;https://fvsa.com/productos/0412-96p-augusta-profesional-juego-monocomando-para-mesada-de-cocina/;55-2;clasificacion OBRA_ESPECIFICA: no matriz base
77;STD;REUSAR_ID_Y_SET_K55;EXACTO;aaa11322-365a-47fa-ae87-57fce52c841f;"Caño corrugado flex 1""";1.000;"Caño corrugado flex 1""";10;Metros;50.0;0;0;;Electricidad;;STD;
78;STD;CREAR_MATERIAL_Y_SET_K55;NUEVO;;;;Caño D. exterior = 90 mm, e = 4 mm, L = 1100 mm. Inox 316;1;Unidades;;;;;Mecanica;;STD;
79;STD;CREAR_MATERIAL_Y_SET_K55;NUEVO;;;;"Caño inox 316 de 1/2"", L = 1,5 m";1.5;Metros;;;;;Mecanica;TANQUES;STD;
80;STD;CREAR_MATERIAL_Y_SET_K55;NUEVO;;;;"Caño inox 316 de 3/4"", L = 3 m";3;Metros;;;;;Mecanica;TANQUES;STD;
81;STD;CREAR_MATERIAL_Y_SET_K55;NUEVO;;;;"CAÑO POLIAMIDA REFORZADO DE 1/4""";2;Unidades;;;;Casa Iriarte;Sanitarios;M PA6SP1/4;STD;
82;STD;CREAR_MATERIAL_Y_SET_K55;NUEVO;;;;"Caño schedule 80, 3 1/2"" nominal, L = 285 mm Inox 316";4;Unidades;;;;;Mecanica;;STD;
83;STD;CREAR_MATERIAL_Y_SET_K55;NUEVO;;;;Cargador inversor Victron Multiplus 12V 3000W;1;Unidades;;;;Flojumar;Electricidad;;STD;
84;OBRA_ESPECIFICA;NO_MATRIZ;NUEVO;;;;Cargador Victron Centaur 24v 60A de 3 salidas;1;Unidades;;;;;Electricidad;Para bancos de bow & stern thruster;55-1;clasificacion OBRA_ESPECIFICA: no matriz base
85;STD;CREAR_MATERIAL_Y_SET_K55;NUEVO;;;;Catalina de fondeo K55;1;Unidades;;;;Maxi Herrero;;;STD;
86;STD;CREAR_MATERIAL_Y_SET_K55;NUEVO;;;;CAVA 8 BOTELLAS PHILCO - PHCAV08N2;1;Unidades;;;;;Electricidad;https://www.philco.com.ar/products/cavas/94PHCAV08N2?srsltid=AfmBOoplwU3k_1q1kg7FczB9AeICWNUXnRLehyzwn8GPbZH1MsdEn-hw;STD;
87;OBRA_ESPECIFICA;NO_MATRIZ;NUEVO;;;;Cava VONDOM T8;2;Unidades;;;;;Electricidad;https://vondom.com.ar/products/cava-de-vinos-para-t8-botellas-con-estantes-de-madera;55-2;clasificacion OBRA_ESPECIFICA: no matriz base
88;VAR;NO_MATRIZ;PROBABLE;08577a6f-ef38-4996-a467-e8e70ed802b2;Cerraduras de puertas;0.600;Cerraduras de puertas BRONZEN (K55);7;Unidades;4;0;0;;;https://www.mercadolibre.com.ar/cerradura-magnetica-puerta-placa-acero-inoxidable-iman-color-zincada/p/MLA56662348;VAR;match difuso: no fusionar automatico | clasificacion VAR: no matriz base
89;VAR;NO_MATRIZ;NUEVO;;;;Cerraduras de puertas BRONZEN (K55) - OPCIONAL sin vestidor;6;Unidades;;;;;;https://www.mercadolibre.com.ar/cerradura-magnetica-puerta-placa-acero-inoxidable-iman-color-zincada/p/MLA56662348;VAR;clasificacion VAR: no matriz base
90;STD;CREAR_MATERIAL_Y_SET_K55;NUEVO;;;;Cerramiento completo (Lona);1;Unidades;;;;;;;STD;
91;STD;CREAR_MATERIAL_Y_SET_K55;NUEVO;;;;Chapa de inox 316 de 3 x 1,5 m, espesor = 2 mm;1.5;Metros;;;;;Mecanica;TANQUES;STD;
92;STD;CREAR_MATERIAL_Y_SET_K55;NUEVO;;;;Chapa de proa K55;1;Unidades;;;;Maxi Herrero;;;STD;
93;STD;CREAR_MATERIAL_Y_SET_K55;NUEVO;;;;Chapas de inox 316 de 2 x 1,25 m, espesor = 2 mm;2;Unidades;;;;;Mecanica;TANQUES;STD;
94;STD;CREAR_MATERIAL_Y_SET_K55;NUEVO;;;;Chapas de inox 316 de 2 x 1,25 m, espesor = 3 mm;2;Unidades;;;;;Mecanica;TANQUES;STD;
95;STD;CREAR_MATERIAL_Y_SET_K55;NUEVO;;;;Chapas de inox 316 de 3 x 1,5 m, espesor = 3 mm;5;Unidades;;;;;Mecanica;TANQUES;STD;
96;STD;CREAR_MATERIAL_Y_SET_K55;NUEVO;;;;"Chapas inox 316 de 400 x 400 mm, espesor = 1/4""";2;Unidades;;;;;Mecanica;TANQUES;STD;
97;STD;REUSAR_ID_Y_SET_K55;EXACTO;3aa6b2f5-1126-47b8-8070-36f94a65735e;"Codo 90° HH bronce 1""";1.000;"Codo 90° HH bronce 1""";8;Unidades;2.0;0;0;;Sanitarios;;STD;
98;STD;CREAR_MATERIAL_Y_SET_K55;NUEVO;;;;"Codo 90° HH plastico 1 1/4""";1;Unidades;;;;Casa Iriarte;Sanitarios;;STD;
99;STD;REVISAR_ANTES_DE_MATRIZ;PROBABLE;97c11bea-c6cd-4c3e-af70-f29bfe269bba;"Codo 90° MH bronce 1""";1.000;"Codo 90ª MH bronce 1""";1;Unidades;5;0;0;Casa Iriarte;Sanitarios;PX COD90MH11/2;STD;match difuso: no fusionar automatico
100;STD;REVISAR_ANTES_DE_MATRIZ;PROBABLE;121fc3b6-26b3-4ceb-9de0-3d4a9b5201d2;"Codo 90° MH bronce 1/2""";1.000;"Codo 90ª MH bronce 1/2""";8;Unidades;13;0;0;Casa Iriarte;Sanitarios;C 116 1/2 FU;STD;match difuso: no fusionar automatico
101;STD;REVISAR_ANTES_DE_MATRIZ;PROBABLE;f1b5cc19-0a95-434c-a0ce-5a993ee365ce;"Codo 90° MH bronce 3/4""";1.000;"Codo 90ª MH bronce 3/4""";2;Unidades;3;0;0;Casa Iriarte;Sanitarios;C 116 1 FU;STD;match difuso: no fusionar automatico
102;STD;REVISAR_ANTES_DE_MATRIZ;PROBABLE;0947a975-ad91-4077-b204-9a170e1baa5d;"Codo 90º MH plástico 1/2"" x 1""";0.833;"Codo 90ª MH plastico 1 1/2""";1;Unidades;1;0;0;Casa Iriarte;Sanitarios;PX COD90MH11/2;STD;match difuso: no fusionar automatico
103;STD;CREAR_MATERIAL_Y_SET_K55;NUEVO;;;;Compas magnético reglamentario (negro);2;Unidades;;;;;;https://www.baron.com.ar/articulo/ritchie-s-53-negro/c13666;STD;
104;STD;REUSAR_ID_Y_SET_K55;EXACTO;fd140844-dc8e-42cd-9ac2-bba91eb60d3b;"Conector ""T"" c/espiga WHALE WX1521";1.000;"Conector ""T"" c/espiga WHALE WX1521";11;Unidades;1;0;0;;Sanitarios;ITEM WHALE;STD;
105;STD;REUSAR_ID_Y_SET_K55;EXACTO;8fc8817c-6b06-4776-82b7-1f3a432b1849;"Conector ""T"" WHALE WX1502";1.000;"Conector ""T"" WHALE WX1502";21;Unidades;7;0;0;;Sanitarios;ITEM WHALE;STD;
106;STD;REUSAR_ID_Y_SET_K55;EXACTO;d49fc5d0-5fa8-4edd-8463-2797b6bc9457;Conector Codo c/espiga WHALE WX1522;1.000;Conector Codo c/espiga WHALE WX1522;10;Unidades;1;0;0;;Sanitarios;ITEM WHALE;STD;
107;STD;REUSAR_ID_Y_SET_K55;EXACTO;1feb1b1c-b7e3-4a4f-8bf1-6aba68e400c3;Conector Codo WHALE WX1503;1.000;Conector Codo WHALE WX1503;6;Unidades;3;0;0;Trimer;Sanitarios;ITEM WHALE;STD;
108;STD;CREAR_MATERIAL_Y_SET_K55;NUEVO;;;;"Conector rosca H termofusion 1""";6;Unidades;;;;;Sanitarios;TERMOFUSION;STD;
109;VAR;NO_MATRIZ;NUEVO;;;;Control con indicador segunda estacion Lenco;1;Unidades;;;;Flojumar;Electricidad;FLAPS ELECTRICOS LENCO;VAR;clasificacion VAR: no matriz base
110;VAR;NO_MATRIZ;NUEVO;;;;Control faro segunda estacion Marinco;1;Unidades;;;;Flojumar;Electricidad;;VAR;clasificacion VAR: no matriz base
111;STD;CREAR_MATERIAL_Y_SET_K55;NUEVO;;;;Guía telescóp. cierre suave 20cm;2;Unidades;;;;;Carpinteria;;STD;
112;STD;CREAR_MATERIAL_Y_SET_K55;NUEVO;;;;Guía telescóp. cierre suave 25cm;3;Unidades;;;;;Carpinteria;;STD;
113;STD;CREAR_MATERIAL_Y_SET_K55;NUEVO;;;;Guía telescóp. cierre suave 40cm;6;Unidades;;;;;Carpinteria;;STD;
114;STD;CREAR_MATERIAL_Y_SET_K55;NUEVO;;;;Guía telescóp. cierre suave 45cm;6;Unidades;;;;;Carpinteria;;STD;
115;STD;CREAR_MATERIAL_Y_SET_K55;NUEVO;;;;Corredera ocultas Bronzen LARGO 500mm;1;Unidades;;;;;Carpinteria;https://www.mercadolibre.com.ar/sistema-corredera-pocket-door-mueble-oculto-500mm-par-color-negro/p/MLA48512423#polycard_client=search-desktop&be_origin=backend&search_layout=grid&position=3&type=product&tracking_id=fab1bd4e-5ba8-450b-89e1-d5f2ab5188d3&wid=MLA2055674764&sid=search;STD;
116;STD;REUSAR_ID_Y_SET_K55;EXACTO;c9c72bc3-0ddf-4cba-a046-922a1a4bfb9c;Cuchara bronce Nro 104;1.000;Cuchara bronce Nro 104;3;Unidades;2.0;0;0;Casa Iriarte;Sanitarios;REJ104;STD;
117;STD;REVISAR_ANTES_DE_MATRIZ;PROBABLE;553320db-1284-4a14-ae5d-d01a79ac7619;"Cuchara bronce ranurada toma 1""";0.667;"Cuchara bronce ranurada toma 1/2""";1;Unidades;1.0;0;0;;Sanitarios;OPCIONAL DUCHADOR Y BOMBA DE RIO;STD;match difuso: no fusionar automatico
118;STD;CREAR_MATERIAL_Y_SET_K55;NUEVO;;;;"CUPLA DE BRONCE 1/2""";1;Unidades;;;;;Sanitarios;C 103 1/2 FU;STD;
119;STD;REVISAR_ANTES_DE_MATRIZ;PROBABLE;8d14e4c9-52d3-434f-b91a-ae8a5eeaff0f;"Cupla Inoxidable 1/2""";1.000;"Cupla Inoxidable 1 1/2""";1;Unidades;7;0;0;;Mecanica;TANQUES;STD;match difuso: no fusionar automatico
120;STD;REVISAR_ANTES_DE_MATRIZ;PROBABLE;83c43781-5008-4e3b-b451-d9f3a5d004ae;"Cupla Inoxidable 1/4""";1.000;"Cupla Inoxidable 1 1/4""";3;Unidades;4;0;0;;Mecanica;TANQUES;STD;match difuso: no fusionar automatico
121;STD;REUSAR_ID_Y_SET_K55;EXACTO;3d0da734-c4f8-47eb-af4f-34fa63f4690a;"Cupla Inoxidable 1""";1.000;"Cupla Inoxidable 1""";5;Unidades;4.0;0;0;;Mecanica;TANQUES;STD;
122;STD;REUSAR_ID_Y_SET_K55;EXACTO;8d14e4c9-52d3-434f-b91a-ae8a5eeaff0f;"Cupla Inoxidable 1/2""";1.000;"Cupla Inoxidable 1/2""";3;Unidades;7;0;0;;Mecanica;TANQUES;STD;
123;STD;REUSAR_ID_Y_SET_K55;EXACTO;83c43781-5008-4e3b-b451-d9f3a5d004ae;"Cupla Inoxidable 1/4""";1.000;"Cupla Inoxidable 1/4""";5;Unidades;4;0;0;;Mecanica;TANQUES;STD;
124;STD;REUSAR_ID_Y_SET_K55;EXACTO;7fa2f38d-bf43-4108-8213-7a961dac9df5;"Cupla Inoxidable 2""";1.000;"Cupla Inoxidable 2""";1;Unidades;2.0;0;0;;Mecanica;TANQUES;STD;
125;STD;REUSAR_ID_Y_SET_K55;EXACTO;4d48101b-51dd-471c-b036-f5545a434b5e;"Cupla Inoxidable 3/4""";1.000;"Cupla Inoxidable 3/4""";3;Unidades;3;0;0;;Mecanica;TANQUES;STD;
126;STD;CREAR_MATERIAL_Y_SET_K55;NUEVO;;;;"Cupla termofusion 1""";8;Unidades;;;;;Sanitarios;TERMOFUSION;STD;
127;STD;REVISAR_ANTES_DE_MATRIZ;PROBABLE;3a4d36e9-6091-407e-900d-d5d58dfc82d6;Defensas blancas con cabo negro 8mm - 2m;0.750;Defensas blancas con cabo negro 8mm - 4m;6;Unidades;6;0;0;;;;STD;match difuso: no fusionar automatico
128;OBRA_ESPECIFICA;NO_MATRIZ;NUEVO;;;;Desagues lineales ducha -SOLO BARCO 55-1;2;Unidades;;;;;;https://www.mercadolibre.com.ar/rejilla-desague-lineal-acero-inoxidable-plata-40cm-a9062/up/MLAU3320217189#polycard_client=search-desktop&be_origin=backend&search_layout=grid&position=13&type=product&tracking_id=028d1ba7-18a4-466a-8a58-c261bebf7705&wid=MLA1511624291&sid=search;55-1;clasificacion OBRA_ESPECIFICA: no matriz base
129;STD;CREAR_MATERIAL_Y_SET_K55;NUEVO;;;;"Destorcedor tipo ""gusano"" INOX p/cadena 10-12mm";1;Unidades;;;;Flojumar;Mecanica;;STD;
130;STD;CREAR_MATERIAL_Y_SET_K55;NUEVO;;;;Direccion electro asistida twin disk;1;Unidades;;;;;Electricidad;;STD;
131;OBRA_ESPECIFICA;NO_MATRIZ;NUEVO;;;;Divisor de carga 80A (tiene que tener línea de compensación para el alternador como el Victron Argodiodo 80-2AC);2;Unidades;;;;;Electricidad;Para bancos de bow & stern thruster;55-1;clasificacion OBRA_ESPECIFICA: no matriz base
132;OPC;NO_MATRIZ;NUEVO;;;;DUCHADOR agua de rio;1;Unidades;;;;;Sanitarios;OPCIONAL DUCHADOR Y BOMBA DE RIO;OPC;clasificacion OPC: no matriz base
133;STD;REVISAR_ANTES_DE_MATRIZ;PROBABLE;15697ffb-8175-4841-93ff-0a3f929ef260;Ducha con barral FV Polca;0.667;Duchador con barral FV Polca;2;Unidades;1.0;0;0;;;Griferia 2 baños;STD;match difuso: no fusionar automatico
134;OBRA_ESPECIFICA;NO_MATRIZ;NUEVO;;;;Duchador de mano NEGRO + Codo pared;2;Unidades;;;;;;Griferia 2 baños - NEGRO;55-2;clasificacion OBRA_ESPECIFICA: no matriz base
135;STD;REUSAR_ID_Y_SET_K55;EXACTO;a480d9c4-782b-4797-a3b1-add592ac95f0;Duchador frio calor WHALE Twist;1.000;Duchador frio calor WHALE Twist;1;Unidades;1;0;0;Flojumar;Sanitarios;Cockpit;STD;
136;OBRA_ESPECIFICA;NO_MATRIZ;NUEVO;;;;Duchador Mano Piazza Lujo D0105ne + Sop Toma Flex 1.5m Negro;2;Unidades;;;;MercadoLibre;Sanitarios;Opcional griferia negra;55-2;clasificacion OBRA_ESPECIFICA: no matriz base
137;STD;REUSAR_ID_Y_SET_K55;EXACTO;1cd225a8-7247-4fa4-8ac2-4de9153355ff;"Ducto p/extractor de 3""";1.000;"Ducto p/extractor de 3""";3;Unidades;2;0;0;Trimer;Electricidad;;STD;
138;STD;CREAR_MATERIAL_Y_SET_K55;NUEVO;;;;Ecosonda;1;Unidades;;;;;;AIRMAR P319 (010-10194-21);STD;
139;OBRA_ESPECIFICA;NO_MATRIZ;NUEVO;;;;ELECTROVALVULA 12V ORIGINAL;2;Unidades;;;;Flojumar;Electricidad;INODOROS. HOLDING TANK;55-1;clasificacion OBRA_ESPECIFICA: no matriz base
140;STD;CREAR_MATERIAL_Y_SET_K55;NUEVO;;;;"EMPALME ESPIGA PARA MANGUERA 1"" PLASTICO";3;Unidades;;;;Casa Iriarte;Sanitarios;;STD;
141;STD;CREAR_MATERIAL_Y_SET_K55;NUEVO;;;;Enchufe hembra;1;Unidades;;;;;Electricidad;;STD;
142;STD;CREAR_MATERIAL_Y_SET_K55;NUEVO;;;;Enchufe macho;1;Unidades;;;;;Electricidad;;STD;
143;STD;REUSAR_ID_Y_SET_K55;EXACTO;4c73ef69-6754-42da-83f2-9d880d03dcf2;Entrada agua potable (marina);1.000;Entrada agua potable (marina);1;Unidades;1;0;0;Baron;Sanitarios;B29029;STD;
144;STD;REUSAR_ID_Y_SET_K55;EXACTO;87ea1a83-1b17-4dbb-81bb-305a82e08bab;"Entrerrosca 1"" bronce";1.000;"Entrerrosca 1"" bronce";2;Unidades;3;0;0;Casa Iriarte;Sanitarios;C 112 1 FU;STD;
145;STD;REUSAR_ID_Y_SET_K55;EXACTO;dfedeb19-e6a9-4b89-a9df-8ce94ded5967;"Entrerrosca 1/2"" bronce";1.000;"Entrerrosca 1/2"" bronce";4;Unidades;1;0;0;Casa Iriarte;Sanitarios;C 112 1/2 FU;STD;
146;STD;REUSAR_ID_Y_SET_K55;EXACTO;7a9da0a6-4f72-4e3c-b1ee-228059aa5e7b;"Entrerrosca 1/2"" plástico";1.000;"Entrerrosca 1/2"" plastico";4;Unidades;1;0;0;Casa Iriarte;Sanitarios;PX ENTRR1/2;STD;
147;STD;CREAR_MATERIAL_Y_SET_K55;NUEVO;;;;"Entrerrosca 3/4"" bronce";2;Unidades;;;;Casa Iriarte;Sanitarios;C 112 3/4 FU;STD;
148;STD;REUSAR_ID_Y_SET_K55;EXACTO;7a101f2d-5197-47d8-bd9e-ff5dc4bc67c8;"Entrerrosca de reduccion 3/4"" x 1/2"" plastico";1.000;"Entrerrosca de reduccion 3/4"" x 1/2"" plastico";1;Unidades;1;0;0;Casa Iriarte;Sanitarios;FAG-FIL-MED3/4;STD;
149;STD;CREAR_MATERIAL_Y_SET_K55;NUEVO;;;;Epuyén – Juego monocomando para mesada de cocina (cromado);1;Unidades;;;;;;0411.04/L2-CR;STD;
150;VAR;NO_MATRIZ;NUEVO;;;;Equipo de audio (elige cliente);1;Unidades;;;;;;Cockpit, Fly, Proa, Salon, Camarotes;VAR;clasificacion VAR: no matriz base
151;STD;CREAR_MATERIAL_Y_SET_K55;NUEVO;;;;Escalera flybridge K55;1;Unidades;;;;Maxi Herrero;;;STD;
152;ADC;NO_MATRIZ;NUEVO;;;;Estabilizador giroscopo;1;Unidades;;;;;Electricidad;55-1;ADC;clasificacion ADC: no matriz base
153;STD;REUSAR_ID_Y_SET_K55;EXACTO;6864fa83-e55a-4e23-aae9-aaa77d0f8430;"Extractor Rule 3"" 12V";1.000;"Extractor Rule 3"" 12V";2;Unidades;1.0;0;0;Trimer;Electricidad;;STD;
154;STD;CREAR_MATERIAL_Y_SET_K55;NUEVO;;;;Fabricadora de hielo WHITE ICE ACERO INOXIDABLE;2;Unidades;;;;Flojumar;Electricidad;VER MODELO;STD;
155;STD;CREAR_MATERIAL_Y_SET_K55;NUEVO;;;;Faro Marinco 12V dirigible;1;Unidades;;;;Flojumar;Electricidad;;STD;
156;STD;REUSAR_ID_Y_SET_K55;EXACTO;e3596983-974f-445d-abff-6d351c34e271;Ficha Marinco hembra 32A 220V;1.000;Ficha Marinco hembra 32A 220V;1;Unidades;1;0;0;Flojumar;Electricidad;Marinco 6360CRN;STD;
157;STD;REUSAR_ID_Y_SET_K55;EXACTO;92226c96-5ae8-4ce2-b786-d55e2a321dbe;"Filtro agua 1""";1.000;"Filtro agua 1""";1;Unidades;1.0;0;0;Casa Iriarte;Sanitarios;FAG-FIL-MED1IN;STD;
158;STD;CREAR_MATERIAL_Y_SET_K55;NUEVO;;;;"Filtro agua 3/4""";2;Unidades;;;;Casa Iriarte;Electricidad;FAG-FIL-MED3/4;STD;
159;STD;CREAR_MATERIAL_Y_SET_K55;NUEVO;;;;"Flexible mallado para agua 1/2"" X 40cm";8;Unidades;;;;Casa Iriarte;Sanitarios;FLAG-AF2076-1/;STD;
160;STD;CREAR_MATERIAL_Y_SET_K55;NUEVO;;;;"Flexible mallado para agua 1/2"" X 50cm";3;Unidades;;;;Casa Iriarte;Sanitarios;FLAG-AF2076-1/;STD;
161;OBRA_ESPECIFICA;NO_MATRIZ;NUEVO;;;;Footswich Maxwell con tapa heavy duty grande;2;Unidades;;;;Trimer;Electricidad;;55-3/4;clasificacion OBRA_ESPECIFICA: no matriz base
162;STD;REUSAR_ID_Y_SET_K55;EXACTO;05a333d2-d432-4be9-a62c-0e9b628345ec;Funda para ficha Marinco 32A 220V;1.000;Funda para ficha Marinco 32A 220V;1;Unidades;1;0;0;Flojumar;Electricidad;;STD;
163;STD;CREAR_MATERIAL_Y_SET_K55;NUEVO;;;;Generador Kohler 18EFKOZD/21EKOZD;1;Unidades;;;;Trimer;;;STD;
164;STD;REVISAR_ANTES_DE_MATRIZ;PROBABLE;d41e6b99-e9b8-4afb-a577-322d9fe27489;Giratorio gusano cadena 6-8mm;0.600;Giratorio gusano cadena 10-12mm;1;Unidades;1.0;0;0;;;Fondeo;STD;match difuso: no fusionar automatico
165;OBRA_ESPECIFICA;NO_MATRIZ;NUEVO;;;;Grill KENION;1;Unidades;;;;Flojumar;Electricidad;Grill KENION y BACHA en popa con mueble;55-1;clasificacion OBRA_ESPECIFICA: no matriz base
166;OBRA_ESPECIFICA;NO_MATRIZ;NUEVO;;;;Heladera BOSCH KIN86ADD0;1;Unidades;;;;;Electricidad;Panelable;55-2;clasificacion OBRA_ESPECIFICA: no matriz base
167;OBRA_ESPECIFICA;NO_MATRIZ;NUEVO;;;;Heladera Whirpool WRE25AB PANELABLE - SOLO barco 1;1;Unidades;;;;;Electricidad;https://www.whirlpool.com.ar/heladera-whirlpool-no-frost-panelable-inverter-244-lts/p?srsltid=AfmBOoqgy4-EcTDil6V4f_1OxRTCa8S10JoPFhBG43BJZ1BsFMU7J8W3;55-1;clasificacion OBRA_ESPECIFICA: no matriz base
168;OBRA_ESPECIFICA;NO_MATRIZ;NUEVO;;;;HOLDING TANK MATROMARINE ITALIANO 103 LITROS 12V;1;Unidades;;;;Flojumar;Sanitarios;INCLUYE: BOMBA MACERADORA + FILTRO DE VENTEO + VENTEO + SENSOR DE NIVEL + MONITOR DE SENSOR DE NIVEL;55-1;clasificacion OBRA_ESPECIFICA: no matriz base
169;OBRA_ESPECIFICA;NO_MATRIZ;NUEVO;;;;HOLDING TANK MATROMARINE ITALIANO 73 LITROS 12V;1;Unidades;;;;Flojumar;Sanitarios;INCLUYE: BOMBA MACERADORA + FILTRO DE VENTEO + VENTEO + SENSOR DE NIVEL + MONITOR DE SENSOR DE NIVEL;55-1;clasificacion OBRA_ESPECIFICA: no matriz base
170;STD;CREAR_MATERIAL_Y_SET_K55;NUEVO;;;;Horno Samsung NV7B4040VAS/BG;1;Unidades;;;;;Electricidad;EMPOTRABLE;STD;
171;STD;CREAR_MATERIAL_Y_SET_K55;NUEVO;;;;Imanes para puertas de muebles;46;Unidades;;;;Rincon del Herraje;Carpinteria;Rincon del herraje;STD;
172;OPC;NO_MATRIZ;NUEVO;;;;Inodoro electrico (Camarote Marinero), modelo??;1;Unidades;;;;Flojumar;;Opcional camarote marinero;OPC;clasificacion OPC: no matriz base | modelo/dato con ??
173;STD;CREAR_MATERIAL_Y_SET_K55;NUEVO;;;;Inodoro Tecma Thetford silence 2 plusg con bidet y tapa 12v;2;Unidades;;;;Flojumar;Sanitarios;INODOROS. HOLDING TANK;STD;
174;STD;CREAR_MATERIAL_Y_SET_K55;NUEVO;;;;Instrumento agua/combustible aro cromado;2;Unidades;;;;Flojumar;Electricidad;?;STD;
175;STD;CREAR_MATERIAL_Y_SET_K55;NUEVO;;;;Joystick doble Quick italy;2;Unidades;;;;Flojumar;Electricidad;CABLE Y DERIVACION 2 ESTACIONES QUICK;STD;
176;STD;CREAR_MATERIAL_Y_SET_K55;NUEVO;;;;Juego monocomando para bañera y ducha Epuyén 0106/L2 Cromado;2;Unidades;;;;;;Griferia 2 baños;STD;
177;OBRA_ESPECIFICA;NO_MATRIZ;NUEVO;;;;Juego monocomando para bañera y ducha Epuyén 0106/L2 NEGRO;2;Unidades;;;;;;Griferia 2 baños - NEGRO;55-2;clasificacion OBRA_ESPECIFICA: no matriz base
178;STD;CREAR_MATERIAL_Y_SET_K55;NUEVO;;;;Juego monocomando para lavatorio Epuyén 0206/L2 Cromado;2;Unidades;;;;;;Griferia 2 baños;STD;
179;OBRA_ESPECIFICA;NO_MATRIZ;NUEVO;;;;Juego monocomando para lavatorio Epuyén 0206/L2 Negro;2;Unidades;;;;;;Griferia 2 baños - NEGRO;55-2;clasificacion OBRA_ESPECIFICA: no matriz base
180;OBRA_ESPECIFICA;NO_MATRIZ;NUEVO;;;;Lavaropas LG inverter carga frontal;1;Unidades;;;;;Electricidad;;55-2;clasificacion OBRA_ESPECIFICA: no matriz base
181;OBRA_ESPECIFICA;NO_MATRIZ;NUEVO;;;;Lavavajillas Bosch SMV2ITX09E;1;Unidades;;;;;Electricidad;https://www.bosch-home.com/ar/es/mkt-product/lavavajillas/integrables/bifulldishwashers60width/SMV2ITX09E;55-1/2;clasificacion OBRA_ESPECIFICA: no matriz base
182;STD;CREAR_MATERIAL_Y_SET_K55;NUEVO;;;;Limpia Parabrisas pantograficos;2;Unidades;;;;Tableros Costa;;Tableros Costa;STD;
183;STD;CREAR_MATERIAL_Y_SET_K55;NUEVO;;;;Llave carling malacate 2 puntos;2;Unidades;;;;Flojumar;Electricidad;;STD;
184;STD;REUSAR_ID_Y_SET_K55;EXACTO;11088a90-8940-4d3f-a7be-1e875ad9191c;Llave corte batería remota Blue Sea;1.000;Llave corte batería remota Blue Sea;6;Unidades;1.0;0;0;Flojumar;Electricidad;Comprobar cantidad al terminar barco 1;STD;
185;STD;REUSAR_ID_Y_SET_K55;EXACTO;ac10335d-6041-4a9c-b782-c4292069f5ff;Llave de paso Whale WX1573;1.000;Llave de paso Whale WX1573;4;Unidades;1;0;0;;Sanitarios;ITEM WHALE;STD;
186;OPC;NO_MATRIZ;NUEVO;;;;Luces bajo agua Azul/Blanco;6;Unidades;;;;;;4 popa, 2 laterales;OPC;clasificacion OPC: no matriz base
187;STD;CREAR_MATERIAL_Y_SET_K55;NUEVO;;;;Luces de lectura;6;Unidades;;;;;;2 en cada camarote;STD;
188;OPC;NO_MATRIZ;NUEVO;;;;Luces de lectura;1;Unidades;;;;;;Opcional camarote marinero;OPC;clasificacion OPC: no matriz base
189;STD;CREAR_MATERIAL_Y_SET_K55;NUEVO;;;;Luz banda ROJA led;1;Unidades;;;;Flojumar;Electricidad;KIT HELLA MARINE LED;STD;
190;STD;CREAR_MATERIAL_Y_SET_K55;NUEVO;;;;Luz banda VERDE led;1;Unidades;;;;Flojumar;Electricidad;KIT HELLA MARINE LED;STD;
191;STD;CREAR_MATERIAL_Y_SET_K55;NUEVO;;;;Luz fondeo led blanca 360;1;Unidades;;;;Flojumar;Electricidad;KIT HELLA MARINE LED;STD;
192;STD;CREAR_MATERIAL_Y_SET_K55;NUEVO;;;;Luz navegacion proa blanca led;1;Unidades;;;;Flojumar;Electricidad;KIT HELLA MARINE LED;STD;
193;STD;CREAR_MATERIAL_Y_SET_K55;NUEVO;;;;luz popa led blanca;1;Unidades;;;;Flojumar;Electricidad;KIT HELLA MARINE LED;STD;
194;OBRA_ESPECIFICA;NO_MATRIZ;NUEVO;;;;Malacate Maxwell RC10 12V INOX;1;Unidades;;;;Trimer;Electricidad;Con solenoide y Termica 135A;55-3/4;clasificacion OBRA_ESPECIFICA: no matriz base
195;STD;CREAR_MATERIAL_Y_SET_K55;NUEVO;;;;Malacate Quick italy 1500 watts 12v acero inoxidable;1;Unidades;;;;Flojumar;Electricidad;Fondeo;STD;
196;STD;REUSAR_ID_Y_SET_K55;EXACTO;c35cb2f0-17bc-46de-91a6-08af9d306709;"Manguera cristal alambre 1""";1.000;"Manguera cristal alambre 1""";65;Metros;25.0;0;0;;Sanitarios;MANGUERAS;STD;
197;STD;REUSAR_ID_Y_SET_K55;EXACTO;6a984479-40b7-4abe-8031-21a46f8cfd32;"Manguera cristal alambre 1½""";1.000;"Manguera cristal alambre 1½""";50;Metros;25.0;0;0;;Sanitarios;MANGUERAS;STD;
198;STD;REUSAR_ID_Y_SET_K55;EXACTO;ff86736f-ccad-4a7d-86ff-1a1ef264f95b;"Manguera cristal alambre 3/4""";1.000;"Manguera cristal alambre 3/4""";65;Metros;75;0;0;;Sanitarios;MANGUERAS;STD;
199;STD;CREAR_MATERIAL_Y_SET_K55;NUEVO;;;;Mesa ratona en salon, EL LINK ES UN EJEMPLO;1;Unidades;;;;MercadoLibre;Carpinteria;https://www.mercadolibre.com.ar/mesa-ratona-auxiliar-nordica-madera-120x55-miramar-dream/up/MLAU3769022804?picker=true&quantity=1;STD;
200;VAR;NO_MATRIZ;NUEVO;;;;Microondas SAMSUNG MG23F3K3TAS/BG GRILL;1;Unidades;;;;;Electricidad;23 litros (negro);VAR;clasificacion VAR: no matriz base
201;OBRA_ESPECIFICA;NO_MATRIZ;NUEVO;;;;Motor Volvo D11-725 70112078912//29;2;Unidades;;;;;Mecanica;Con accesorios;55-1;clasificacion OBRA_ESPECIFICA: no matriz base
202;STD;REUSAR_ID_Y_SET_K55;EXACTO;2ece2c3a-6001-4f6c-9799-d866475d1cf7;Multicontrol Victron con cable (para cargador inversor);1.000;Multicontrol Victron con cable (para cargador inversor);1;Unidades;1;0;0;Flojumar;Electricidad;;STD;
203;STD;CREAR_MATERIAL_Y_SET_K55;NUEVO;;;;"Niple de inox 316 de 1/2"", L= 100 mm";1;Unidades;;;;;Mecanica;TANQUES;STD;
204;STD;CREAR_MATERIAL_Y_SET_K55;NUEVO;;;;"Niple de inox 316 de 3/4"", L = 100 mm";1;Unidades;;;;;Mecanica;TANQUES;STD;
205;STD;CREAR_MATERIAL_Y_SET_K55;NUEVO;;;;Ojo de buey;5;Unidades;;;;;;Cam.Popa x2, Cam.Medio x1, Ambos baños;STD;
206;STD;CREAR_MATERIAL_Y_SET_K55;NUEVO;;;;Panel bomba de achique Johnson pump;5;Unidades;;;;Flojumar;Sanitarios;BOMBAS DE ACHIQUE;STD;
207;OBRA_ESPECIFICA;NO_MATRIZ;NUEVO;;;;Panel de control Tecma thetford before/after;2;Unidades;;;;Flojumar;Sanitarios;INODOROS. HOLDING TANK;55-1;clasificacion OBRA_ESPECIFICA: no matriz base
208;STD;CREAR_MATERIAL_Y_SET_K55;NUEVO;;;;Pantalla tactil de timonera interior, modelo?? accesorios??;1;Unidades;;;;;;modelo?? accesorios??;STD;modelo/dato con ??
209;OPC;NO_MATRIZ;PROBABLE;ea15a6a2-1a99-44c3-9b1e-873c08f9b4b0;"Toma pasacasco 1 1/2"" bronce";0.750;"Pasacasco 1/2"" bronce";1;Unidades;1;0;0;;Sanitarios;OPCIONAL DUCHADOR Y BOMBA DE RIO;OPC;match difuso: no fusionar automatico | clasificacion OPC: no matriz base
210;STD;CREAR_MATERIAL_Y_SET_K55;NUEVO;;;;Pasamanos escalera flybridge K55;1;Unidades;;;;Maxi Herrero;;;STD;
211;STD;CREAR_MATERIAL_Y_SET_K55;NUEVO;;;;Pasamanos varios K55;13;Unidades;;;;Maxi Herrero;;7 solarium proa, 4 carroza, 2 planchada;STD;
212;STD;CREAR_MATERIAL_Y_SET_K55;NUEVO;;;;Percha Epuyén 0166/L2 Cromado;4;Unidades;;;;;;Griferia 2 baños;STD;
213;OBRA_ESPECIFICA;NO_MATRIZ;NUEVO;;;;Percha Epuyén 0166/L2 Negro;4;Unidades;;;;;;Griferia 2 baños - NEGRO;55-2;clasificacion OBRA_ESPECIFICA: no matriz base
214;STD;REUSAR_ID_Y_SET_K55;EXACTO;28bf764a-02c9-48bd-87be-5f6b57c022f6;Perfil aluminio tira LED;1.000;Perfil aluminio tira LED;110;Metros;2.0;0;0;MercadoLibre;;;STD;
215;STD;CREAR_MATERIAL_Y_SET_K55;NUEVO;;;;Perfiles de aluminio para tiras led;110;Unidades;;;;MercadoLibre;;Seccion 17mm x 7mm;STD;
216;OPC;NO_MATRIZ;NUEVO;;;;Picaportes Currao SARDEGNA - ver color;12;Unidades;;;;;;6 puertas - SIN VESTIDOR;OPC;clasificacion OPC: no matriz base
217;STD;CREAR_MATERIAL_Y_SET_K55;NUEVO;;;;Picaportes Currao SARDEGNA - ver color;14;Unidades;;;;;;7 puertas - STD;STD;
218;MIXTO;NO_MATRIZ;NUEVO;;;;Piloto automàtico;1;Unidades;;;;;Electricidad;"Reactor 40 Mechanical Retrofit Solenoid Corepack without GHC Autopilot Instrument (010-00705-48)
GRF 10 Rudder Feedback Sensor (010-11829-00)";55-1, OPC;clasificacion MIXTO: no matriz base
219;STD;CREAR_MATERIAL_Y_SET_K55;NUEVO;;;;Placa de honeycomb (terciado de 6 mm + núcleo de panal de abeja de 15 mm + terciado de 6 mm) de 1,2 mts x 2,45 mts;22;Unidades;;;;;Mecanica;?;STD;
220;OBRA_ESPECIFICA;NO_MATRIZ;NUEVO;;;;Planchada extensible para bajar a Punta (1mt mas);1;Unidades;;;;;Electricidad;Pasarela;55-1;clasificacion OBRA_ESPECIFICA: no matriz base
221;STD;CREAR_MATERIAL_Y_SET_K55;NUEVO;;;;Plaquetas p/precintos;500;Unidades;;;;;Sanitarios;VARIOS;STD;
222;STD;CREAR_MATERIAL_Y_SET_K55;NUEVO;;;;Plotter de flybridge STD, modelo?? accesorios??;1;Unidades;;;;;;modelo?? accesorios??;STD;modelo/dato con ??
223;OBRA_ESPECIFICA;NO_MATRIZ;NUEVO;;;;Plotters 55-1;2;Unidades;;;;;Electricidad;GPSMAP 1223xsv SideVu ClearVu and Traditional CHIRP Sonar with Worldwide Basemap (010-02367-02);55-1;clasificacion OBRA_ESPECIFICA: no matriz base
224;STD;CREAR_MATERIAL_Y_SET_K55;NUEVO;;;;Portarrollo Epuyén 0167/L2 Cromado;2;Unidades;;;;;;Griferia 2 baños;STD;
225;OBRA_ESPECIFICA;NO_MATRIZ;NUEVO;;;;Portarrollo Epuyén 0167/L2 Negro;2;Unidades;;;;;;Griferia 2 baños - NEGRO;55-2;clasificacion OBRA_ESPECIFICA: no matriz base
226;STD;CREAR_MATERIAL_Y_SET_K55;NUEVO;;;;Precinto 35 CM;500;Unidades;;;;;Sanitarios;VARIOS;STD;
227;OPC;NO_MATRIZ;NUEVO;;;;Prefiltro duchador rio;1;Unidades;;;;;Sanitarios;OPCIONAL DUCHADOR Y BOMBA DE RIO;OPC;clasificacion OPC: no matriz base
228;STD;CREAR_MATERIAL_Y_SET_K55;NUEVO;;;;Puertitas cockpit K55;2;Unidades;;;;Maxi Herrero;;;STD;
229;STD;CREAR_MATERIAL_Y_SET_K55;NUEVO;;;;Punteras de plástico para perfil tira LED;60;Unidades;;;;;Electricidad;;STD;
230;OPC;NO_MATRIZ;NUEVO;;;;"Racor 1/2"" bronce";1;Unidades;;;;;Sanitarios;OPCIONAL DUCHADOR Y BOMBA DE RIO;OPC;clasificacion OPC: no matriz base
231;STD;CREAR_MATERIAL_Y_SET_K55;NUEVO;;;;"Racor H a codo de 1 1/2"" plastico";5;Unidades;;;;Casa Iriarte;Sanitarios;PX CODRAC11/2;STD;
232;STD;CREAR_MATERIAL_Y_SET_K55;NUEVO;;;;"Racor H a codo de 1"" plastico";12;Unidades;;;;Casa Iriarte;Sanitarios;PX CODRAC1H;STD;
233;STD;CREAR_MATERIAL_Y_SET_K55;NUEVO;;;;"Racor H a codo de 1/2"" plastico";5;Unidades;;;;Casa Iriarte;Sanitarios;PX CODRAC11/2;STD;
234;STD;CREAR_MATERIAL_Y_SET_K55;NUEVO;;;;"Racor H a codo de 3/4"" plastico";3;Unidades;;;;Casa Iriarte;Sanitarios;PX CODRAC3/4H;STD;
235;STD;REVISAR_ANTES_DE_MATRIZ;PROBABLE;1189ea8e-5324-4c55-ad73-6db2c4770989;"Racor bronce M espiga 1""";0.600;"Racor M 1"" x 25mm bronce";2;Unidades;1.0;0;0;Casa Iriarte;Sanitarios;C127 1X1 FU LR;STD;match difuso: no fusionar automatico
236;STD;CREAR_MATERIAL_Y_SET_K55;NUEVO;;;;"Racor M 3/4"" bronce";6;Unidades;;;;Casa Iriarte;Sanitarios;;STD;
237;STD;CREAR_MATERIAL_Y_SET_K55;NUEVO;;;;"Racor M a codo de 1"" plastico";3;Unidades;;;;Casa Iriarte;Sanitarios;PX RACCOD90-1;STD;
238;STD;CREAR_MATERIAL_Y_SET_K55;NUEVO;;;;"Racor M a codo de 1/2"" plastico";8;Unidades;;;;Casa Iriarte;Sanitarios;PX RACCOD1/2M;STD;
239;STD;CREAR_MATERIAL_Y_SET_K55;NUEVO;;;;"Racor M a codo de 3/4"" plastico";2;Unidades;;;;Casa Iriarte;Sanitarios;C 110 1 X 3/4 FL;STD;
240;STD;CREAR_MATERIAL_Y_SET_K55;NUEVO;;;;"Racor M de 1"" plastico";5;Unidades;;;;Casa Iriarte;Sanitarios;PX RACCOD90-1;STD;
241;STD;CREAR_MATERIAL_Y_SET_K55;NUEVO;;;;"Racor M de 1/2"" plastico";2;Unidades;;;;;Sanitarios;PX RAC1/2M;STD;
242;STD;CREAR_MATERIAL_Y_SET_K55;NUEVO;;;;"Racor M de 3/4"" plastico";7;Unidades;;;;Casa Iriarte;Sanitarios;PX RACCOD3/4M;STD;
243;STD;CREAR_MATERIAL_Y_SET_K55;NUEVO;;;;"Racor M de bronce 1 1/2"" x 38mm";3;Unidades;;;;Casa Iriarte;Sanitarios;C127 11/2X11/2;STD;
244;STD;CREAR_MATERIAL_Y_SET_K55;NUEVO;;;;Radio VHF;1;Unidades;;;;;;"Garmin VHF 215 Marine Radio (010-02097-00)
Garmin GHS 11 wired VHF Handset (010-01759-00)";STD;
245;STD;CREAR_MATERIAL_Y_SET_K55;NUEVO;;;;"Recorte chapa de inox 316 de 400mm x 250mm x 1/2"" de espesor";2;Unidades;;;;;Mecanica;;STD;
246;STD;CREAR_MATERIAL_Y_SET_K55;NUEVO;;;;"Recorte chapa de inox 316 según plantilla ""Patas de gallo - K52"", e = ?";4;Unidades;;;;;Mecanica;;STD;
247;STD;CREAR_MATERIAL_Y_SET_K55;NUEVO;;;;REGULADOR DE AGUA AMARRA;1;Unidades;;;;Flojumar;Electricidad;;STD;
248;STD;CREAR_MATERIAL_Y_SET_K55;NUEVO;;;;Rejilla D60 Obturable Negra - Calefactor Autoterm;4;Unidades;;;;Baron;Sanitarios;C89099;STD;
249;STD;CREAR_MATERIAL_Y_SET_K55;NUEVO;;;;Rejilla D60 Orientable Negra - Calefactor Autoterm;2;Unidades;;;;Baron;Sanitarios;C89943;STD;
250;STD;CREAR_MATERIAL_Y_SET_K55;NUEVO;;;;Rejilla D90 Obturable Negra - Calefactor Autoterm;5;Unidades;;;;Baron;Sanitarios;C89108;STD;
251;STD;CREAR_MATERIAL_Y_SET_K55;NUEVO;;;;Resorte a gas para escalera - MODELO A DEFINIR;2;Unidades;;;;;Carpinteria;MODELO A DEFINIR esto por ej sacale el modelo a definir desp se define en la lista;STD;
252;STD;CREAR_MATERIAL_Y_SET_K55;NUEVO;;;;Resorte a gas para puertas de alacenas - 60N;6;Unidades;;;;;Carpinteria;Hafele 60N;STD;
253;STD;CREAR_MATERIAL_Y_SET_K55;NUEVO;;;;Resorte a gas para puertas de alacenas - 80N;4;Unidades;;;;;Carpinteria;Hafele 80N;STD;
254;STD;CREAR_MATERIAL_Y_SET_K55;NUEVO;;;;Rollo de cable negro 1.5mm;100;Metros;;;;;Electricidad;;STD;
255;STD;CREAR_MATERIAL_Y_SET_K55;NUEVO;;;;Rollo de cable rojo 1.5mm;100;Metros;;;;;Electricidad;;STD;
256;STD;REUSAR_ID_Y_SET_K55;EXACTO;39a6c1ab-8840-4cd8-8943-72361d38d84c;Sapito desagote ancla;1.000;Sapito desagote ancla;2;Unidades;2.0;0;0;Baron;;;STD;
257;STD;CREAR_MATERIAL_Y_SET_K55;NUEVO;;;;"Sello PSS para eje 2-3/4"", tubo 4""";2;Unidades;;;;Flojumar;Mecanica;LASDROP USA GENERACION 2;STD;
258;STD;CREAR_MATERIAL_Y_SET_K55;NUEVO;;;;Sensor agua 115cm;2;Unidades;;;;Flojumar;Electricidad;;STD;
259;STD;REUSAR_ID_Y_SET_K55;EXACTO;867bb5f4-9568-4620-a03b-f151c8804c3c;"Separador agua-gases 2"" Centek 1020200 (grupo)";1.000;"Separador agua-gases 2"" Centek 1020200 (grupo)";1;Unidades;1;0;0;Trimer;Mecanica;;STD;
260;STD;REUSAR_ID_Y_SET_K55;EXACTO;f3bf7d52-a5fd-4cbb-abf1-b9f9fe627cf7;"Silenciador escape 2"" Centek 1500027w (grupo)";1.000;"Silenciador escape 2"" Centek 1500027w (grupo)";1;Unidades;1;0;0;Trimer;Mecanica;;STD;
261;STD;CREAR_MATERIAL_Y_SET_K55;NUEVO;;;;"Silenciador Vernalift 6"" Centek 16X16 (motor)";2;Unidades;;;;Trimer;Mecanica;;STD;
262;OBRA_ESPECIFICA;NO_MATRIZ;NUEVO;;;;"Sistema FLAP Bennett 24 X 12 "" Doble estacion";1;Unidades;;;;Trimer;Mecanica;Con control, incluye display & cables largos;55-3/4;clasificacion OBRA_ESPECIFICA: no matriz base
263;OBRA_ESPECIFICA;NO_MATRIZ;NUEVO;;;;"Sistema FLAP Lenco 24 x 16 "" Doble piston";1;Unidades;;;;Flojumar;Mecanica;control con indicador primera estacion lenco / control con indicador segunda estacion lenco;55-1/2;clasificacion OBRA_ESPECIFICA: no matriz base
264;OBRA_ESPECIFICA;NO_MATRIZ;NUEVO;;;;Solenoide Blue Sea L-Series - 250A 12/24V;1;Unidades;;;;;Electricidad;Para bancos de bow & stern thruster;55-1;clasificacion OBRA_ESPECIFICA: no matriz base
265;STD;CREAR_MATERIAL_Y_SET_K55;NUEVO;;;;Solenoide Quick italy 12v;1;Unidades;;;;Flojumar;Electricidad;;STD;
266;STD;REUSAR_ID_Y_SET_K55;EXACTO;aea0c1ce-5d96-4c67-9aa9-5d55f3e88a80;"Sopapa bañera c/codo Delta 1½""";1.000;"Sopapa bañera c/codo Delta 1½""";7;Unidades;1.0;0;0;Casa Iriarte;Sanitarios;SOP11/2CO;STD;
267;STD;CREAR_MATERIAL_Y_SET_K55;NUEVO;;;;Soporte elevador TV - JC35VT-1000;1;Unidades;;;;;Carpinteria;Soporte TV Salon;STD;
268;STD;REVISAR_ANTES_DE_MATRIZ;PROBABLE;dcc4472d-67f8-4206-8dba-5f6f93f16dd7;Soporte pared TV;0.750;Soporte pared TV brazo;1;Unidades;2.0;0;0;;Carpinteria;"Camarote MEDIO, TV 24""";STD;match difuso: no fusionar automatico
269;STD;REUSAR_ID_Y_SET_K55;EXACTO;dcc4472d-67f8-4206-8dba-5f6f93f16dd7;Soporte pared TV;1.000;Soporte pared TV;2;Unidades;2.0;0;0;;Carpinteria;"Camarote PROA 32"", POPA 43""";STD;
270;STD;CREAR_MATERIAL_Y_SET_K55;NUEVO;;;;Soportes de barral de ropero;6;Unidades;;;;;Carpinteria;Vestidor y camarote proa;STD;
271;STD;CREAR_MATERIAL_Y_SET_K55;NUEVO;;;;Soportes tapiceria banco cockpit K55;3;Unidades;;;;Maxi Herrero;;;STD;
272;STD;CREAR_MATERIAL_Y_SET_K55;NUEVO;;;;Soportes tapiceria banco proa K55;7;Unidades;;;;Maxi Herrero;;;STD;
273;STD;CREAR_MATERIAL_Y_SET_K55;NUEVO;;;;Soportes tapiceria flybridge K55;13;Unidades;;;;Maxi Herrero;;;STD;
274;STD;CREAR_MATERIAL_Y_SET_K55;NUEVO;;;;Stern thurster Quick doble helice 6,5kw 250mm 12v;1;Unidades;;;;Flojumar;Electricidad;;STD;
275;STD;REVISAR_ANTES_DE_MATRIZ;PROBABLE;c37d1eed-af4c-4ee0-bf20-33c9dd8f487d;"T plástica espiga 1/2""";1.000;"T plástica espiga 1 1/2""";2;Unidades;1.0;0;0;Casa Iriarte;Sanitarios;PX TEERAC11/2F;STD;match difuso: no fusionar automatico
276;STD;CREAR_MATERIAL_Y_SET_K55;NUEVO;;;;"T con espiga rosca central de 1"" plastico";2;Unidades;;;;Casa Iriarte;Sanitarios;PX BUJRED3/4X1;STD;
277;STD;CREAR_MATERIAL_Y_SET_K55;NUEVO;;;;Tableros electricos COSTA;2;Unidades;;;;;;395x245mm;STD;
278;STD;CREAR_MATERIAL_Y_SET_K55;NUEVO;;;;Tablón Okume;300;Pies;;;;;Mecanica;Chequear cantidad real en barco 4;STD;
279;STD;CREAR_MATERIAL_Y_SET_K55;NUEVO;;;;Tambucho de proa - Cuadrado 60x60cm;1;Unidades;;;;;;;STD;
280;STD;CREAR_MATERIAL_Y_SET_K55;NUEVO;;;;Tanque acumulador presion Flojet-Jabsco;1;Unidades;;;;Flojumar;Electricidad;;STD;
281;STD;CREAR_MATERIAL_Y_SET_K55;NUEVO;;;;Tanques de agua;2;Unidades;;;;Astillero;;Capacidad total 700 Lts;STD;
282;STD;CREAR_MATERIAL_Y_SET_K55;NUEVO;;;;Tanques de combustible con visor;2;Unidades;;;;Astillero;;Capacidad total 1800 Lts;STD;
283;STD;REUSAR_ID_Y_SET_K55;EXACTO;4ceb1c17-382c-45e6-bdb9-de56e2d54d71;"Tapa tanque agua 1 1/2"" cromada c/venteo";1.000;"Tapa tanque agua 1 1/2"" cromada c/venteo";1;Unidades;1;0;0;Flojumar;Sanitarios;FORESTI SUARDI;STD;
284;STD;REUSAR_ID_Y_SET_K55;EXACTO;e60e499b-2019-4aea-9e77-47800de07984;"Tapa tanque combustible 2"" cromada c/venteo";1.000;"Tapa tanque combustible 2"" cromada c/venteo";2;Unidades;2;0;0;Flojumar;Sanitarios;FORESTI SUARDI;STD;
285;STD;REVISAR_ANTES_DE_MATRIZ;PROBABLE;4ceb1c17-382c-45e6-bdb9-de56e2d54d71;"Tapa tanque agua 1 1/2"" cromada c/venteo";0.714;"Tapa tanque waste 1 1/2"" cromada c/venteo";1;Unidades;1;0;0;Flojumar;Sanitarios;FORESTI SUARDI;STD;match difuso: no fusionar automatico
286;STD;CREAR_MATERIAL_Y_SET_K55;NUEVO;;;;"Tapon rosca M de 1/2"" plastico";3;Unidades;;;;Casa Iriarte;Sanitarios;PX TAN 1/2;STD;
287;STD;CREAR_MATERIAL_Y_SET_K55;NUEVO;;;;"T termofusion 1"" rosca central H 1/2""";16;Unidades;;;;;Sanitarios;TERMOFUSION;STD;
288;OBRA_ESPECIFICA;NO_MATRIZ;NUEVO;;;;Tender lift OPACMARE 5220_90_09;2;Unidades;;;;;;Solo barcos 1 - 2 - 3;55-1/2/3;clasificacion OBRA_ESPECIFICA: no matriz base
289;STD;CREAR_MATERIAL_Y_SET_K55;NUEVO;;;;Tender lift OPACMARE 5222/90.04;2;Unidades;;;;;;STD;STD;
290;STD;CREAR_MATERIAL_Y_SET_K55;NUEVO;;;;Termica malacate 130 AMP;1;Unidades;;;;Flojumar;Electricidad;;STD;
291;STD;CREAR_MATERIAL_Y_SET_K55;NUEVO;;;;Termotanque CAMCO 76L;1;Unidades;;;;Flojumar;Electricidad;;STD;
292;STD;REUSAR_ID_Y_SET_K55;EXACTO;4095c16e-4b0f-4924-92ad-067b49548242;Tira LED blanco cálido;1.000;Tira LED blanco cálido;110;Metros;14.0;0;0;MercadoLibre;Electricidad;Tira de LED COB blanco cálido (2700K, +500 LED/m);STD;
293;STD;CREAR_MATERIAL_Y_SET_K55;NUEVO;;;;Toallero Epuyén 0163/L2 Cromado;2;Unidades;;;;;;Griferia 2 baños;STD;
294;OBRA_ESPECIFICA;NO_MATRIZ;NUEVO;;;;Toallero Epuyén 0163/L2 Negro;2;Unidades;;;;;;Griferia 2 baños - NEGRO;55-2;clasificacion OBRA_ESPECIFICA: no matriz base
295;STD;REUSAR_ID_Y_SET_K55;EXACTO;ea15a6a2-1a99-44c3-9b1e-873c08f9b4b0;"Toma pasacasco 1 1/2"" bronce";1.000;"Toma pasacasco 1 1/2"" bronce";6;Unidades;1;0;0;Casa Iriarte;Sanitarios;TO11/2C;STD;
296;STD;REUSAR_ID_Y_SET_K55;EXACTO;0d3ba5ed-e6e9-41f5-938a-77a20437cad0;"Toma pasacasco 1"" bronce";1.000;"Toma pasacasco 1"" bronce";9;Unidades;1.0;0;0;Casa Iriarte;Sanitarios;"TO1""C";STD;
297;STD;REUSAR_ID_Y_SET_K55;EXACTO;4b5668ec-7f50-4c9d-9893-6e729e249c9a;"Toma pasacasco 3/4"" bronce";1.000;"Toma pasacasco 3/4"" bronce";6;Unidades;1;0;0;Casa Iriarte;Sanitarios;TO3/4C;STD;
298;STD;CREAR_MATERIAL_Y_SET_K55;NUEVO;;;;"Toma 1"" plastico";4;Unidades;;;;Casa Iriarte;Sanitarios;"TO1""POL";STD;
299;STD;CREAR_MATERIAL_Y_SET_K55;NUEVO;;;;Toma tierra Marinco 32A 220V;1;Unidades;;;;Flojumar;Electricidad;Marinco 6351EL;STD;
300;STD;CREAR_MATERIAL_Y_SET_K55;NUEVO;;;;Tomas cambre de 20 amp;2;Unidades;;;;;Electricidad;;STD;
301;STD;CREAR_MATERIAL_Y_SET_K55;NUEVO;;;;Traba cadena 10-12mm;1;Unidades;;;;;;Fondeo;STD;
302;STD;CREAR_MATERIAL_Y_SET_K55;NUEVO;;;;Tubo bowthruster D= 250mm, e= 9 mm, L = 1,50 m;1;Unidades;;;;;Mecanica;;STD;
303;STD;REUSAR_ID_Y_SET_K55;EXACTO;9d2ca04f-b2e5-40a2-be53-7803a385c77e;Tubo Whale azul 15mm WX7152;1.000;Tubo Whale azul 15mm WX7152;60;Metros;25.0;0;0;;Sanitarios;ITEM WHALE;STD;
304;STD;REUSAR_ID_Y_SET_K55;EXACTO;55c25202-8972-4106-a9db-fccff744e4a6;Tubo Whale rojo 15mm WX7154;1.000;Tubo Whale rojo 15mm WX7154;50;Metros;25.0;0;0;;Sanitarios;ITEM WHALE;STD;
305;STD;CREAR_MATERIAL_Y_SET_K55;NUEVO;;;;"TV 24"" Noblex";1;Unidades;;;;;Electricidad;TV Camarote MEDIO;STD;
306;STD;REVISAR_ANTES_DE_MATRIZ;PROBABLE;5abeafdc-f75b-4ebe-a000-880cfe189716;"TV 32"" Smart";0.600;"TV 32"" Hd H5000 Smart";1;Unidades;1.0;0;0;;Electricidad;TV Camarote PROA;STD;match difuso: no fusionar automatico
307;STD;CREAR_MATERIAL_Y_SET_K55;NUEVO;;;;"TV SAMSUNG 43"" FULL HD T5300";1;Unidades;;;;;Electricidad;TV Camarote POPA;STD;
308;STD;CREAR_MATERIAL_Y_SET_K55;NUEVO;;;;"TV SAMSUNG 50"" Crystal UHD 4K U8000F";1;Unidades;;;;;Electricidad;https://shop.samsung.com/ar/50--crystal-uhd-4k-u8000f/p?skuId=139438;STD;
309;OBRA_ESPECIFICA;NO_MATRIZ;NUEVO;;;;"TV SAMSUNG 55"" QLED Q6F 4K Smart";1;Unidades;;;;;Electricidad;TV Salon;55-1;clasificacion OBRA_ESPECIFICA: no matriz base
310;STD;CREAR_MATERIAL_Y_SET_K55;NUEVO;;;;"Union doble 1"" termofusion";4;Unidades;;;;;Sanitarios;TERMOFUSION;STD;
311;STD;REVISAR_ANTES_DE_MATRIZ;PROBABLE;892278e1-53d9-45f0-959d-939ebeccd36c;"Union rosca M 1/2"" WHALE WX1514";0.667;"Union rosca H 1/2"" WHALE WX1532";23;Unidades;1;0;0;;Sanitarios;ITEM WHALE;STD;match difuso: no fusionar automatico
312;OPC;NO_MATRIZ;NUEVO;;;;"Union rosca H 1/2"" WHALE WX1532 - opcional duchador rio";1;Unidades;;;;;Sanitarios;OPCIONAL DUCHADOR Y BOMBA DE RIO;OPC;clasificacion OPC: no matriz base
313;STD;REUSAR_ID_Y_SET_K55;EXACTO;892278e1-53d9-45f0-959d-939ebeccd36c;"Union rosca M 1/2"" WHALE WX1514";1.000;"Union rosca M 1/2"" WHALE WX1514";19;Unidades;1;0;0;;Sanitarios;ITEM WHALE;STD;
314;OPC;NO_MATRIZ;PROBABLE;892278e1-53d9-45f0-959d-939ebeccd36c;"Union rosca M 1/2"" WHALE WX1514";0.625;"Union rosca M 1/2"" WHALE WX1514 - opcional duchador rio";1;Unidades;1;0;0;;Sanitarios;OPCIONAL DUCHADOR Y BOMBA DE RIO;OPC;match difuso: no fusionar automatico | clasificacion OPC: no matriz base
315;STD;CREAR_MATERIAL_Y_SET_K55;NUEVO;;;;"Union rosca M 1/2"" bronce x caño poliamida 1/4"" con tuerca y virola";1;Unidades;;;;Casa Iriarte;Sanitarios;C 681/4X1/2;STD;
316;OBRA_ESPECIFICA;NO_MATRIZ;NUEVO;;;;"Valvula de desvio ""y"" Matromarine italiana";2;Unidades;;;;Flojumar;Sanitarios;OPCIONAL HOLDING TANK;55-1;clasificacion OBRA_ESPECIFICA: no matriz base
317;STD;CREAR_MATERIAL_Y_SET_K55;NUEVO;;;;"Valvula de un solo sentido para bombas de achique 1 1/2""";2;Unidades;;;;Casa Iriarte;Sanitarios;VALRET1/2 COM;STD;
318;STD;CREAR_MATERIAL_Y_SET_K55;NUEVO;;;;"Valvula de un solo sentido para bombas de achique 1""";4;Unidades;;;;Casa Iriarte;Sanitarios;VALRET 1 COM;STD;
319;OPC;NO_MATRIZ;EXACTO;7ff2198d-5eeb-4699-ac54-0125749fdd29;"Válvula esférica 1/2""";1.000;"Válvula esférica 1/2""";1;Unidades;1.0;0;0;;Sanitarios;OPCIONAL DUCHADOR Y BOMBA DE RIO;OPC;clasificacion OPC: no matriz base
320;STD;REUSAR_ID_Y_SET_K55;EXACTO;f750313f-4ad7-48a6-98e7-da5609999787;"Válvula esférica 1"" HH";1.000;"Válvula esférica 1"" HH";1;Unidades;3.0;0;0;Casa Iriarte;Sanitarios;VAE1J;STD;
321;STD;REUSAR_ID_Y_SET_K55;EXACTO;57ebb90c-239a-4bc1-b945-69f63dd9eda8;"Válvula esférica 1/2"" HH";1.000;"Válvula esférica 1/2"" HH";9;Unidades;5.0;0;0;Casa Iriarte;Sanitarios;VAE1/2J;STD;
322;STD;REVISAR_ANTES_DE_MATRIZ;PROBABLE;48c22565-86af-46cb-8137-68a085227de7;"Válvula esférica 1 1/2"" HH";0.600;"Válvula esférica 3/4"" HH";2;Unidades;2;0;0;Casa Iriarte;Sanitarios;VAE3/4J;STD;match difuso: no fusionar automatico
323;OBRA_ESPECIFICA;NO_MATRIZ;NUEVO;;;;VHF con AIS;1;Unidades;;;;;Electricidad;?;55-1;clasificacion OBRA_ESPECIFICA: no matriz base
324;STD;CREAR_MATERIAL_Y_SET_K55;NUEVO;;;;Victron, combinador de baterias cyrix-ct;1;Unidades;;;;Flojumar;Electricidad;Pendiente de compra 01/04;STD;
325;STD;CREAR_MATERIAL_Y_SET_K55;NUEVO;;;;Visores con bolita para tanques combustible;2;Unidades;;;;;Mecanica;Definir piezas / insumos;STD;