score;motivo;id_a;desc_a;k55_a;origen_a;cat_a;prov_a;id_b;desc_b;k55_b;origen_b;cat_b;prov_b
1.000;misma descripcion/base;ac5fdea1-9bdd-4b1e-98ea-54725dcd3b3e;"Abrazadera inox 1""";32;k37_enero2026;Sanitarios / Griferías;Rebollar;b00cefec-d911-4619-b48e-421bfb31d246;"Abrazadera inox 1½""";38;k37_enero2026;Sanitarios / Griferías;Rebollar
1.000;misma descripcion/base;3aa6b2f5-1126-47b8-8070-36f94a65735e;"Codo 90° HH bronce 1""";8;k37_enero2026;Sanitarios / Griferías;Gaona;69f287f5-d015-4757-b7dd-4425527ea097;"Codo 90° HH bronce 1¼""";0;k37_enero2026;Sanitarios / Griferías;Gaona
1.000;misma descripcion/base;3aa6b2f5-1126-47b8-8070-36f94a65735e;"Codo 90° HH bronce 1""";8;k37_enero2026;Sanitarios / Griferías;Gaona;b3cbf25b-f44d-4903-b565-1053e6236c1a;"Codo 90° HH bronce 1½""";0;k37_enero2026;Sanitarios / Griferías;Gaona
1.000;misma descripcion/base;b3cbf25b-f44d-4903-b565-1053e6236c1a;"Codo 90° HH bronce 1½""";0;k37_enero2026;Sanitarios / Griferías;Gaona;69f287f5-d015-4757-b7dd-4425527ea097;"Codo 90° HH bronce 1¼""";0;k37_enero2026;Sanitarios / Griferías;Gaona
1.000;misma descripcion/base;97c11bea-c6cd-4c3e-af70-f29bfe269bba;"Codo 90° MH bronce 1""";1;k37_enero2026;Mecánica;Iriarte;ed5861b9-ce58-4455-8dd7-95120e352159;"Codo 90° MH bronce 1¼""";0;k37_enero2026;Mecánica;Iriarte
1.000;misma descripcion/base;97c11bea-c6cd-4c3e-af70-f29bfe269bba;"Codo 90° MH bronce 1""";1;k37_enero2026;Mecánica;Iriarte;2038200f-0d12-4652-ac8e-f67213ea0cd9;"Codo 90° MH bronce 1½""";0;k37_enero2026;Sanitarios / Griferías;Gaona
1.000;misma descripcion/base;2038200f-0d12-4652-ac8e-f67213ea0cd9;"Codo 90° MH bronce 1½""";0;k37_enero2026;Sanitarios / Griferías;Gaona;ed5861b9-ce58-4455-8dd7-95120e352159;"Codo 90° MH bronce 1¼""";0;k37_enero2026;Mecánica;Iriarte
1.000;misma descripcion/base;3d0da734-c4f8-47eb-af4f-34fa63f4690a;"Cupla Inoxidable 1""";5;k37_enero2026;TANQUES;Famiq;24433b54-8346-4612-b4dd-d745748f2833;"Cupla Inoxidable 1¼""";0;k37_enero2026;TANQUES;Famiq
1.000;misma descripcion/base;c35cb2f0-17bc-46de-91a6-08af9d306709;"Manguera cristal alambre 1""";65;k37_enero2026;Sanitarios / Griferías;Rebollar;6a984479-40b7-4abe-8031-21a46f8cfd32;"Manguera cristal alambre 1½""";50;k37_enero2026;Sanitarios / Griferías;Rebollar
1.000;misma descripcion/base;28bf764a-02c9-48bd-87be-5f6b57c022f6;Perfil aluminio tira LED;110;k37_enero2026;Electricidad;;08ec2d87-3a72-463a-b709-6bd4649d3fb1;Perfiles de aluminio para tiras led;110;import_k55_excel;Carpintería / Exterior / Varios;MercadoLibre
1.000;misma descripcion/base;cc468b9f-0850-4a78-b045-081ed215460c;"Racor 1""";0;k37_enero2026;Sanitarios / Griferías;Iriarte;c5975e62-f9cc-4889-8e27-8b36df8f230e;"Racor 1½""";0;k37_enero2026;Sanitarios / Griferías;Iriarte
1.000;misma descripcion/base;c3878c6d-e520-4d68-b75f-ea8cf3c40d7d;"Racor H a codo de 1"" plastico";12;import_k55_excel;Sanitarios / Griferías;Casa Iriarte;668fa92e-afb2-4924-8c98-858bb6bfe15c;"Racor M a codo de 1"" plastico";3;import_k55_excel;Sanitarios / Griferías;Casa Iriarte
1.000;misma descripcion/base;d487f214-b286-4bc2-92ad-7ca26e4eca97;"Racor H a codo de 1/2"" plastico";5;import_k55_excel;Sanitarios / Griferías;Casa Iriarte;2a9c3070-55a5-41a1-987c-434b17d4c8ea;"Racor M a codo de 1/2"" plastico";8;import_k55_excel;Sanitarios / Griferías;Casa Iriarte
1.000;misma descripcion/base;1423da69-292c-43c4-8c4b-dceca50aebe2;"Racor H a codo de 3/4"" plastico";3;import_k55_excel;Sanitarios / Griferías;Casa Iriarte;f3e88136-de87-43eb-8fdb-d01220710902;"Racor M a codo de 3/4"" plastico";2;import_k55_excel;Sanitarios / Griferías;Casa Iriarte
1.000;misma descripcion/base;a6d8ddc9-f373-4094-a95b-5d9e23d5dcf7;"Racor bronce M 1""x1"" manguera";0;k37_enero2026;Sanitarios / Griferías;Iriarte;ba2a38c4-c391-4adb-b3a5-c31c68e94b1d;"Racor bronce M 1½""x1½"" manguera";0;k37_enero2026;Sanitarios / Griferías;Iriarte
1.000;misma descripcion/base;3d512356-0a0a-47bd-bdf1-aab145096b23;"Racor macho 1""x1"" plástico";0;k37_enero2026;Sanitarios / Griferías;Iriarte;658b953f-2221-4381-8e37-46c9f9eeea48;"Racor macho 1¼""x1"" plástico";0;k37_enero2026;Sanitarios / Griferías;Iriarte
0.910;muy parecido;72c8569c-9e14-435c-a03c-8b88bdc66003;Barral de ropero;2;import_k55_excel;Carpintería / Exterior / Varios;;78d14c50-6bff-4de3-ac7e-e258d8b8795d;Soportes de barral de ropero;6;import_k55_excel;Carpintería / Exterior / Varios;
0.910;muy parecido;3e31665d-5f4c-4938-96d7-d33b59ce2a8d;Bidet;0;k37_enero2026;Sanitarios / Griferías;;40aa7005-da15-4cfd-98b6-13ce7a1feaee;Inodoro Tecma Thetford silence 2 plusg con bidet y tapa 12v;2;import_k55_excel;Sanitarios / Griferías;Flojumar
0.910;muy parecido;ed03965a-9ca9-42fa-8a21-e4a13c974566;Bisagra oculta para puertas;21;k37_enero2026;Herrajes / Muebles;Rincón del Herraje;fbbcbf6c-2e3e-40a5-a8de-411ae5653129;Bisagra oculta para puertas - OPCIONAL sin vestidor;18;import_k55_excel;Carpintería / Exterior / Varios;
0.910;muy parecido;820c4e00-a66d-4bb4-a1d6-08bbdecf60e4;"Buje reduc. 1 1/4"" x 1""";0;k37_enero2026;Sanitarios / Griferías;Gaona;1c5ab9ce-5728-4e9e-a0be-82f136c42808;"Buje reduc. 1 1/4"" x 1"" plástico";4;import_k55_excel;Sanitarios / Griferías;Casa Iriarte
0.910;muy parecido;4aef4b86-f087-43cd-8f72-308ac001d785;"Buje reduc. 3/4"" x 1/2""";0;k37_enero2026;Sanitarios / Griferías;Gaona;819d4d5d-223e-4810-a42b-1fbfe98f7f3a;"Buje reduc. 3/4"" x 1/2"" plástico";2;import_k55_excel;Sanitarios / Griferías;Casa Iriarte
0.910;muy parecido;553320db-1284-4a14-ae5d-d01a79ac7619;"Cuchara bronce ranurada toma 1""";0;k37_enero2026;Mecánica;Iriarte;5175ce0f-c639-4f8b-8656-cefb190d33d4;"T bronce 1""";0;k37_enero2026;Sanitarios / Griferías;Gaona
0.910;muy parecido;87ea1a83-1b17-4dbb-81bb-305a82e08bab;"Entrerrosca 1"" bronce";2;k37_enero2026;Sanitarios / Griferías;Gaona;5175ce0f-c639-4f8b-8656-cefb190d33d4;"T bronce 1""";0;k37_enero2026;Sanitarios / Griferías;Gaona
0.910;muy parecido;dfedeb19-e6a9-4b89-a9df-8ce94ded5967;"Entrerrosca 1/2"" bronce";4;k37_enero2026;Sanitarios / Griferías;Gaona;8166e107-ae80-4e01-af04-b75662b81ce9;"Entrerrosca 1/2"" x 1/2"" bronce FLARE";0;k37_enero2026;Mecánica;Iriarte
0.910;muy parecido;7b1a3e7c-f49a-4b03-82cd-f62a22c1d7ce;Escalera flybridge K55;1;import_k55_excel;Carpintería / Exterior / Varios;Maxi Herrero;95fe3f50-a85a-4046-bd82-f04aa36a6533;Pasamanos escalera flybridge K55;1;import_k55_excel;Carpintería / Exterior / Varios;Maxi Herrero
0.910;muy parecido;a9fd4faf-19cf-462c-91e1-994171ee6b67;Llave corte batería Blue Sea;0;k37_enero2026;Electricidad;Costa;11088a90-8940-4d3f-a7be-1e875ad9191c;Llave corte batería remota Blue Sea;6;k37_enero2026;Electricidad;
0.910;muy parecido;28bf764a-02c9-48bd-87be-5f6b57c022f6;Perfil aluminio tira LED;110;k37_enero2026;Electricidad;;81f261fc-56f8-4d85-a6bd-d7344873341a;Tira de LED;0;k37_enero2026;Electricidad;
0.910;muy parecido;08ec2d87-3a72-463a-b709-6bd4649d3fb1;Perfiles de aluminio para tiras led;110;import_k55_excel;Carpintería / Exterior / Varios;MercadoLibre;81f261fc-56f8-4d85-a6bd-d7344873341a;Tira de LED;0;k37_enero2026;Electricidad;
0.910;muy parecido;4d3f98ae-a508-4b04-9d25-65005d428c09;Punteras de plástico para perfil tira LED;60;import_k55_excel;Electricidad;;81f261fc-56f8-4d85-a6bd-d7344873341a;Tira de LED;0;k37_enero2026;Electricidad;
0.910;muy parecido;cc468b9f-0850-4a78-b045-081ed215460c;"Racor 1""";0;k37_enero2026;Sanitarios / Griferías;Iriarte;c3878c6d-e520-4d68-b75f-ea8cf3c40d7d;"Racor H a codo de 1"" plastico";12;import_k55_excel;Sanitarios / Griferías;Casa Iriarte
0.910;muy parecido;cc468b9f-0850-4a78-b045-081ed215460c;"Racor 1""";0;k37_enero2026;Sanitarios / Griferías;Iriarte;668fa92e-afb2-4924-8c98-858bb6bfe15c;"Racor M a codo de 1"" plastico";3;import_k55_excel;Sanitarios / Griferías;Casa Iriarte
0.910;muy parecido;cc468b9f-0850-4a78-b045-081ed215460c;"Racor 1""";0;k37_enero2026;Sanitarios / Griferías;Iriarte;85ca5b29-7008-4a34-a701-5406c399cc6b;"Racor M de 1"" plastico";5;import_k55_excel;Sanitarios / Griferías;Casa Iriarte
0.910;muy parecido;cc468b9f-0850-4a78-b045-081ed215460c;"Racor 1""";0;k37_enero2026;Sanitarios / Griferías;Iriarte;a6d8ddc9-f373-4094-a95b-5d9e23d5dcf7;"Racor bronce M 1""x1"" manguera";0;k37_enero2026;Sanitarios / Griferías;Iriarte
0.910;muy parecido;cc468b9f-0850-4a78-b045-081ed215460c;"Racor 1""";0;k37_enero2026;Sanitarios / Griferías;Iriarte;ba2a38c4-c391-4adb-b3a5-c31c68e94b1d;"Racor bronce M 1½""x1½"" manguera";0;k37_enero2026;Sanitarios / Griferías;Iriarte
0.910;muy parecido;cc468b9f-0850-4a78-b045-081ed215460c;"Racor 1""";0;k37_enero2026;Sanitarios / Griferías;Iriarte;1189ea8e-5324-4c55-ad73-6db2c4770989;"Racor bronce M espiga 1""";0;k37_enero2026;Sanitarios / Griferías;Iriarte
0.910;muy parecido;cc468b9f-0850-4a78-b045-081ed215460c;"Racor 1""";0;k37_enero2026;Sanitarios / Griferías;Iriarte;a5bb3d2d-0683-4d91-a1a9-0fdeb3c9e711;"Racor hembra 1"" espiga macho 1""";0;k37_enero2026;Sanitarios / Griferías;Iriarte
0.910;muy parecido;cc468b9f-0850-4a78-b045-081ed215460c;"Racor 1""";0;k37_enero2026;Sanitarios / Griferías;Iriarte;3d512356-0a0a-47bd-bdf1-aab145096b23;"Racor macho 1""x1"" plástico";0;k37_enero2026;Sanitarios / Griferías;Iriarte
0.910;muy parecido;cc468b9f-0850-4a78-b045-081ed215460c;"Racor 1""";0;k37_enero2026;Sanitarios / Griferías;Iriarte;658b953f-2221-4381-8e37-46c9f9eeea48;"Racor macho 1¼""x1"" plástico";0;k37_enero2026;Sanitarios / Griferías;Iriarte
0.910;muy parecido;c5975e62-f9cc-4889-8e27-8b36df8f230e;"Racor 1½""";0;k37_enero2026;Sanitarios / Griferías;Iriarte;c3878c6d-e520-4d68-b75f-ea8cf3c40d7d;"Racor H a codo de 1"" plastico";12;import_k55_excel;Sanitarios / Griferías;Casa Iriarte
0.910;muy parecido;c5975e62-f9cc-4889-8e27-8b36df8f230e;"Racor 1½""";0;k37_enero2026;Sanitarios / Griferías;Iriarte;668fa92e-afb2-4924-8c98-858bb6bfe15c;"Racor M a codo de 1"" plastico";3;import_k55_excel;Sanitarios / Griferías;Casa Iriarte
0.910;muy parecido;c5975e62-f9cc-4889-8e27-8b36df8f230e;"Racor 1½""";0;k37_enero2026;Sanitarios / Griferías;Iriarte;85ca5b29-7008-4a34-a701-5406c399cc6b;"Racor M de 1"" plastico";5;import_k55_excel;Sanitarios / Griferías;Casa Iriarte
0.910;muy parecido;c5975e62-f9cc-4889-8e27-8b36df8f230e;"Racor 1½""";0;k37_enero2026;Sanitarios / Griferías;Iriarte;a6d8ddc9-f373-4094-a95b-5d9e23d5dcf7;"Racor bronce M 1""x1"" manguera";0;k37_enero2026;Sanitarios / Griferías;Iriarte
0.910;muy parecido;c5975e62-f9cc-4889-8e27-8b36df8f230e;"Racor 1½""";0;k37_enero2026;Sanitarios / Griferías;Iriarte;ba2a38c4-c391-4adb-b3a5-c31c68e94b1d;"Racor bronce M 1½""x1½"" manguera";0;k37_enero2026;Sanitarios / Griferías;Iriarte
0.910;muy parecido;c5975e62-f9cc-4889-8e27-8b36df8f230e;"Racor 1½""";0;k37_enero2026;Sanitarios / Griferías;Iriarte;1189ea8e-5324-4c55-ad73-6db2c4770989;"Racor bronce M espiga 1""";0;k37_enero2026;Sanitarios / Griferías;Iriarte
0.910;muy parecido;c5975e62-f9cc-4889-8e27-8b36df8f230e;"Racor 1½""";0;k37_enero2026;Sanitarios / Griferías;Iriarte;a5bb3d2d-0683-4d91-a1a9-0fdeb3c9e711;"Racor hembra 1"" espiga macho 1""";0;k37_enero2026;Sanitarios / Griferías;Iriarte
0.910;muy parecido;c5975e62-f9cc-4889-8e27-8b36df8f230e;"Racor 1½""";0;k37_enero2026;Sanitarios / Griferías;Iriarte;3d512356-0a0a-47bd-bdf1-aab145096b23;"Racor macho 1""x1"" plástico";0;k37_enero2026;Sanitarios / Griferías;Iriarte
0.910;muy parecido;c5975e62-f9cc-4889-8e27-8b36df8f230e;"Racor 1½""";0;k37_enero2026;Sanitarios / Griferías;Iriarte;658b953f-2221-4381-8e37-46c9f9eeea48;"Racor macho 1¼""x1"" plástico";0;k37_enero2026;Sanitarios / Griferías;Iriarte
0.910;muy parecido;c3878c6d-e520-4d68-b75f-ea8cf3c40d7d;"Racor H a codo de 1"" plastico";12;import_k55_excel;Sanitarios / Griferías;Casa Iriarte;85ca5b29-7008-4a34-a701-5406c399cc6b;"Racor M de 1"" plastico";5;import_k55_excel;Sanitarios / Griferías;Casa Iriarte
0.910;muy parecido;d487f214-b286-4bc2-92ad-7ca26e4eca97;"Racor H a codo de 1/2"" plastico";5;import_k55_excel;Sanitarios / Griferías;Casa Iriarte;cb050c93-4887-4da3-a5c9-159ba60fb2e2;"Racor M de 1/2"" plastico";2;import_k55_excel;Sanitarios / Griferías;
0.910;muy parecido;1423da69-292c-43c4-8c4b-dceca50aebe2;"Racor H a codo de 3/4"" plastico";3;import_k55_excel;Sanitarios / Griferías;Casa Iriarte;f0ee8532-c1d6-4bd3-b8f7-de12839abb0e;"Racor M de 3/4"" plastico";7;import_k55_excel;Sanitarios / Griferías;Casa Iriarte
0.910;muy parecido;668fa92e-afb2-4924-8c98-858bb6bfe15c;"Racor M a codo de 1"" plastico";3;import_k55_excel;Sanitarios / Griferías;Casa Iriarte;85ca5b29-7008-4a34-a701-5406c399cc6b;"Racor M de 1"" plastico";5;import_k55_excel;Sanitarios / Griferías;Casa Iriarte
0.910;muy parecido;2a9c3070-55a5-41a1-987c-434b17d4c8ea;"Racor M a codo de 1/2"" plastico";8;import_k55_excel;Sanitarios / Griferías;Casa Iriarte;cb050c93-4887-4da3-a5c9-159ba60fb2e2;"Racor M de 1/2"" plastico";2;import_k55_excel;Sanitarios / Griferías;
0.910;muy parecido;f3e88136-de87-43eb-8fdb-d01220710902;"Racor M a codo de 3/4"" plastico";2;import_k55_excel;Sanitarios / Griferías;Casa Iriarte;f0ee8532-c1d6-4bd3-b8f7-de12839abb0e;"Racor M de 3/4"" plastico";7;import_k55_excel;Sanitarios / Griferías;Casa Iriarte
0.910;muy parecido;85ca5b29-7008-4a34-a701-5406c399cc6b;"Racor M de 1"" plastico";5;import_k55_excel;Sanitarios / Griferías;Casa Iriarte;3d512356-0a0a-47bd-bdf1-aab145096b23;"Racor macho 1""x1"" plástico";0;k37_enero2026;Sanitarios / Griferías;Iriarte
0.910;muy parecido;85ca5b29-7008-4a34-a701-5406c399cc6b;"Racor M de 1"" plastico";5;import_k55_excel;Sanitarios / Griferías;Casa Iriarte;658b953f-2221-4381-8e37-46c9f9eeea48;"Racor macho 1¼""x1"" plástico";0;k37_enero2026;Sanitarios / Griferías;Iriarte
0.910;muy parecido;a6d8ddc9-f373-4094-a95b-5d9e23d5dcf7;"Racor bronce M 1""x1"" manguera";0;k37_enero2026;Sanitarios / Griferías;Iriarte;5175ce0f-c639-4f8b-8656-cefb190d33d4;"T bronce 1""";0;k37_enero2026;Sanitarios / Griferías;Gaona
0.910;muy parecido;ba2a38c4-c391-4adb-b3a5-c31c68e94b1d;"Racor bronce M 1½""x1½"" manguera";0;k37_enero2026;Sanitarios / Griferías;Iriarte;5175ce0f-c639-4f8b-8656-cefb190d33d4;"T bronce 1""";0;k37_enero2026;Sanitarios / Griferías;Gaona
0.910;muy parecido;1189ea8e-5324-4c55-ad73-6db2c4770989;"Racor bronce M espiga 1""";0;k37_enero2026;Sanitarios / Griferías;Iriarte;5175ce0f-c639-4f8b-8656-cefb190d33d4;"T bronce 1""";0;k37_enero2026;Sanitarios / Griferías;Gaona
0.910;muy parecido;dcc4472d-67f8-4206-8dba-5f6f93f16dd7;Soporte pared TV;2;k37_enero2026;Electricidad;;69925b9b-273c-408c-af42-2f1e52d9186d;Soporte pared TV brazo;1;import_k55_excel;Carpintería / Exterior / Varios;
0.910;muy parecido;5175ce0f-c639-4f8b-8656-cefb190d33d4;"T bronce 1""";0;k37_enero2026;Sanitarios / Griferías;Gaona;03a89f73-3577-409a-a9e0-f5f88dfc6e92;"Tapón bronce 1""";0;k37_enero2026;Mecánica;Gaona
0.910;muy parecido;5175ce0f-c639-4f8b-8656-cefb190d33d4;"T bronce 1""";0;k37_enero2026;Sanitarios / Griferías;Gaona;89c4b011-6ae1-44c2-a4aa-d8384a6816b2;"Te bronce 1¼""";0;k37_enero2026;Mecánica;Gaona
0.910;muy parecido;5175ce0f-c639-4f8b-8656-cefb190d33d4;"T bronce 1""";0;k37_enero2026;Sanitarios / Griferías;Gaona;0d3ba5ed-e6e9-41f5-938a-77a20437cad0;"Toma pasacasco 1"" bronce";9;k37_enero2026;Mecánica;Iriarte
0.910;muy parecido;17ae82f9-1217-47bc-ab9e-8fdb23d5a6aa;Tanques de combustible con visor;2;import_k55_excel;Carpintería / Exterior / Varios;;4c0ca541-106f-4b6e-b653-59a81898346a;Visores con bolita para tanques combustible;2;import_k55_excel;Mecánica;
0.910;muy parecido;13f6d5cf-b6b3-4e4c-a609-faf42bd055d8;"Tapón 1""";0;k37_enero2026;Sanitarios / Griferías;;03a89f73-3577-409a-a9e0-f5f88dfc6e92;"Tapón bronce 1""";0;k37_enero2026;Mecánica;Gaona
0.910;muy parecido;81f261fc-56f8-4d85-a6bd-d7344873341a;Tira de LED;0;k37_enero2026;Electricidad;;4095c16e-4b0f-4924-92ad-067b49548242;Tira LED blanco cálido;110;k37_enero2026;Electricidad;Janored/2001
0.797;revisar;33e80f58-d706-4082-9b31-7e8914eedfb8;Ventana lateral casco B1a Templado 10mm curvo;0;k37_enero2026;Vidrios / Acrílicos;Mercoglass/Favicur;93c15110-1096-4c30-bcae-3ac7f4341365;Ventana lateral casco B1b Templado 10mm curvo;0;k37_enero2026;Vidrios / Acrílicos;Mercoglass/Favicur
0.797;revisar;33e80f58-d706-4082-9b31-7e8914eedfb8;Ventana lateral casco B1a Templado 10mm curvo;0;k37_enero2026;Vidrios / Acrílicos;Mercoglass/Favicur;1c19421d-1a06-45c0-b729-a3713d2008b0;Ventana lateral casco E1a Templado 10mm curvo;0;k37_enero2026;Vidrios / Acrílicos;Mercoglass/Favicur
0.797;revisar;33e80f58-d706-4082-9b31-7e8914eedfb8;Ventana lateral casco B1a Templado 10mm curvo;0;k37_enero2026;Vidrios / Acrílicos;Mercoglass/Favicur;27d4c9c6-9b0b-40c6-b3b4-6c58168db926;Ventana lateral casco E1b Templado 10mm curvo;0;k37_enero2026;Vidrios / Acrílicos;Mercoglass/Favicur
0.797;revisar;93c15110-1096-4c30-bcae-3ac7f4341365;Ventana lateral casco B1b Templado 10mm curvo;0;k37_enero2026;Vidrios / Acrílicos;Mercoglass/Favicur;1c19421d-1a06-45c0-b729-a3713d2008b0;Ventana lateral casco E1a Templado 10mm curvo;0;k37_enero2026;Vidrios / Acrílicos;Mercoglass/Favicur
0.797;revisar;93c15110-1096-4c30-bcae-3ac7f4341365;Ventana lateral casco B1b Templado 10mm curvo;0;k37_enero2026;Vidrios / Acrílicos;Mercoglass/Favicur;27d4c9c6-9b0b-40c6-b3b4-6c58168db926;Ventana lateral casco E1b Templado 10mm curvo;0;k37_enero2026;Vidrios / Acrílicos;Mercoglass/Favicur
0.797;revisar;1c19421d-1a06-45c0-b729-a3713d2008b0;Ventana lateral casco E1a Templado 10mm curvo;0;k37_enero2026;Vidrios / Acrílicos;Mercoglass/Favicur;27d4c9c6-9b0b-40c6-b3b4-6c58168db926;Ventana lateral casco E1b Templado 10mm curvo;0;k37_enero2026;Vidrios / Acrílicos;Mercoglass/Favicur
0.777;revisar;4d87ffbe-6cce-4b13-82c4-bc5be233d595;"Adaptador M 1/2"" bronce x caño poliamida 1/4"" con tuerca y virola";1;import_k55_excel;Sanitarios / Griferías;Casa Iriarte;e4167e8a-9537-44ff-a35c-e8844d20f614;"Union rosca M 1/2"" bronce x caño poliamida 1/4"" con tuerca y virola";1;import_k55_excel;Sanitarios / Griferías;Casa Iriarte
0.767;revisar;0cb93de6-2de6-4016-bc1d-de2ac5f08b21;Luz nav. estela Aquasignal Serie 33;0;k37_enero2026;Carpintería / Exterior / Varios;;297c6194-7728-4ce0-9609-8cb88eab03c4;Luz nav. roja Aquasignal Serie 33;0;k37_enero2026;Carpintería / Exterior / Varios;Trimer
0.767;revisar;0cb93de6-2de6-4016-bc1d-de2ac5f08b21;Luz nav. estela Aquasignal Serie 33;0;k37_enero2026;Carpintería / Exterior / Varios;;c3503901-4334-493c-abcf-c22666b2f21c;Luz nav. verde Aquasignal Serie 33;0;k37_enero2026;Carpintería / Exterior / Varios;Trimer
0.767;revisar;297c6194-7728-4ce0-9609-8cb88eab03c4;Luz nav. roja Aquasignal Serie 33;0;k37_enero2026;Carpintería / Exterior / Varios;Trimer;c3503901-4334-493c-abcf-c22666b2f21c;Luz nav. verde Aquasignal Serie 33;0;k37_enero2026;Carpintería / Exterior / Varios;Trimer
0.767;revisar;d742e6e1-9f83-45db-be5a-d1646641e255;Luz techo LED inox cuadrada chica;0;k37_enero2026;Electricidad;M.Martyniuk;055aab63-6738-41a4-a040-0a8bce72a993;Luz techo LED inox cuadrada grande;0;k37_enero2026;Electricidad;M.Martyniuk
0.767;revisar;ee4907f6-c15e-476c-bacf-a4981ba991ef;Rejilla D60 Obturable Negra - Calefactor Autoterm;4;import_k55_excel;Sanitarios / Griferías;Baron;d98179e7-c15c-4c02-bb97-187c72a2f428;Rejilla D60 Orientable Negra - Calefactor Autoterm;2;import_k55_excel;Sanitarios / Griferías;Baron
0.767;revisar;4ceb1c17-382c-45e6-bdb9-de56e2d54d71;"Tapa tanque agua 1 1/2"" cromada c/venteo";1;k37_enero2026;Baron / Varios;Baron;31f8fe8b-015a-4fc7-aeac-cf433d8b26e5;"Tapa tanque waste 1 1/2"" cromada c/venteo";1;import_k55_excel;Sanitarios / Griferías;Flojumar
0.767;revisar;3a9153a2-832a-4422-8db7-9a6383881e2c;Ventana lateral casco B2 Templado 10mm;0;k37_enero2026;Vidrios / Acrílicos;Mercoglass/Favicur;701f459c-feb0-4d14-89f8-a372350def73;Ventana lateral casco E2 Templado 10mm;0;k37_enero2026;Vidrios / Acrílicos;Mercoglass/Favicur
0.767;revisar;77fe10c2-771b-4c51-a0af-c0b0626b76f8;Ventana lateral casco B3 Templado 10mm;0;k37_enero2026;Vidrios / Acrílicos;Mercoglass/Favicur;591ca286-82bf-41db-883b-af3e4695fa6c;Ventana lateral casco E3 Templado 10mm;0;k37_enero2026;Vidrios / Acrílicos;Mercoglass/Favicur
0.767;revisar;ace61c18-99b1-4358-8411-329e47b111ef;Ventana lateral casco B4 Templado 10mm;0;k37_enero2026;Vidrios / Acrílicos;Mercoglass/Favicur;cd2955a6-87b2-4d6f-bd85-a4247c42172b;Ventana lateral casco E4 Templado 10mm;0;k37_enero2026;Vidrios / Acrílicos;Mercoglass/Favicur
0.725;revisar;12530642-f648-407f-9c7a-7b910479bab8;"Codo 90° HH bronce 3/4""";0;k37_enero2026;Sanitarios / Griferías;Gaona;f1b5cc19-0a95-434c-a0ce-5a993ee365ce;"Codo 90° MH bronce 3/4""";2;k37_enero2026;Mecánica;Iriarte
0.725;revisar;e3596983-974f-445d-abff-6d351c34e271;Ficha Marinco hembra 32A 220V;1;k37_enero2026;Electricidad;Trimer;05a333d2-d432-4be9-a62c-0e9b628345ec;Funda para ficha Marinco 32A 220V;1;k37_enero2026;Electricidad;Trimer
0.725;revisar;eb3b651c-ac30-4bd9-88d4-237a36f4e014;Luz cortesía LED Azul inox;0;k37_enero2026;Electricidad;M.Martyniuk;ded91987-9251-47a1-a212-934820b95ae2;Luz cortesía LED Blanco inox;0;k37_enero2026;Electricidad;M.Martyniuk
0.700;revisar;ac5fdea1-9bdd-4b1e-98ea-54725dcd3b3e;"Abrazadera inox 1""";32;k37_enero2026;Sanitarios / Griferías;Rebollar;0ce9b426-6c58-4a6b-86e5-fc9440d5ec24;Abrazadera inox 10mm int.;0;k37_enero2026;Mecánica;Rebollar
0.700;revisar;ac5fdea1-9bdd-4b1e-98ea-54725dcd3b3e;"Abrazadera inox 1""";32;k37_enero2026;Sanitarios / Griferías;Rebollar;153b39e4-c586-41ce-a180-7deeec1416d8;"Abrazadera inox 3/4""";44;k37_enero2026;Sanitarios / Griferías;Rebollar
0.700;revisar;0ce9b426-6c58-4a6b-86e5-fc9440d5ec24;Abrazadera inox 10mm int.;0;k37_enero2026;Mecánica;Rebollar;b00cefec-d911-4619-b48e-421bfb31d246;"Abrazadera inox 1½""";38;k37_enero2026;Sanitarios / Griferías;Rebollar
0.700;revisar;b00cefec-d911-4619-b48e-421bfb31d246;"Abrazadera inox 1½""";38;k37_enero2026;Sanitarios / Griferías;Rebollar;153b39e4-c586-41ce-a180-7deeec1416d8;"Abrazadera inox 3/4""";44;k37_enero2026;Sanitarios / Griferías;Rebollar
0.700;revisar;38d5461f-ce2e-4cd5-bcf0-eb1a23c60df5;"Adaptador rosca H 1/2"" Whale WX1532";23;k37_enero2026;Sanitarios / Griferías;Trimer;55df7d97-300f-4492-a53e-18f6c7893484;"Adaptador rosca M 1/2"" Whale WX1514";19;k37_enero2026;Sanitarios / Griferías;Trimer
0.700;revisar;0ecee772-6a45-4a95-8efe-61627217f643;Bisagra codo 0 + base con clip;20;import_k55_excel;Carpintería / Exterior / Varios;;0da15e33-7a69-48aa-838b-1bf72a7630d2;Bisagra codo 18 + base con clip;0;k37_enero2026;Herrajes / Muebles;Rincón del Herraje
0.700;revisar;0ecee772-6a45-4a95-8efe-61627217f643;Bisagra codo 0 + base con clip;20;import_k55_excel;Carpintería / Exterior / Varios;;f60a174a-e250-4f29-b084-d7b19e4e2f12;Bisagra codo 9 + base con clip;34;k37_enero2026;Herrajes / Muebles;Rincón del Herraje
0.700;revisar;0da15e33-7a69-48aa-838b-1bf72a7630d2;Bisagra codo 18 + base con clip;0;k37_enero2026;Herrajes / Muebles;Rincón del Herraje;f60a174a-e250-4f29-b084-d7b19e4e2f12;Bisagra codo 9 + base con clip;34;k37_enero2026;Herrajes / Muebles;Rincón del Herraje
0.700;revisar;9e691a1c-1ca3-4c83-a43a-2de0b7507e11;Cable 1x1 negro;0;k37_enero2026;Electricidad;Janored/2001;a7b6461a-a843-4a95-a600-e565de84fc4c;Cable 1x1,5 negro;0;k37_enero2026;Electricidad;Janored/2001
0.700;revisar;eccc0db0-3244-4c39-b7fc-dfddcdebba90;Cable 1x1 rojo;0;k37_enero2026;Electricidad;Janored/2001;c4845db9-0120-4e43-8899-72ceeec059b2;Cable 1x1,5 rojo;0;k37_enero2026;Electricidad;Janored/2001
0.700;revisar;aaa11322-365a-47fa-ae87-57fce52c841f;"Caño corrugado flex 1""";10;k37_enero2026;Electricidad;Janored/2001;2867a718-9070-4c34-8a93-01e5d0777b41;"Caño corrugado flex 1/2""";0;k37_enero2026;Electricidad;Janored/2001
0.700;revisar;aaa11322-365a-47fa-ae87-57fce52c841f;"Caño corrugado flex 1""";10;k37_enero2026;Electricidad;Janored/2001;359fab35-7264-4d63-b712-1c23a3fc18d0;"Caño corrugado flex 3/4""";0;k37_enero2026;Electricidad;
0.700;revisar;3aa6b2f5-1126-47b8-8070-36f94a65735e;"Codo 90° HH bronce 1""";8;k37_enero2026;Sanitarios / Griferías;Gaona;12530642-f648-407f-9c7a-7b910479bab8;"Codo 90° HH bronce 3/4""";0;k37_enero2026;Sanitarios / Griferías;Gaona
0.700;revisar;3aa6b2f5-1126-47b8-8070-36f94a65735e;"Codo 90° HH bronce 1""";8;k37_enero2026;Sanitarios / Griferías;Gaona;fb015fad-fb8a-47c1-b403-a4513fd08af0;"Codo 90° HH bronce 3/4""x1/2""";0;k37_enero2026;Sanitarios / Griferías;Gaona
0.700;revisar;69f287f5-d015-4757-b7dd-4425527ea097;"Codo 90° HH bronce 1¼""";0;k37_enero2026;Sanitarios / Griferías;Gaona;12530642-f648-407f-9c7a-7b910479bab8;"Codo 90° HH bronce 3/4""";0;k37_enero2026;Sanitarios / Griferías;Gaona
0.700;revisar;69f287f5-d015-4757-b7dd-4425527ea097;"Codo 90° HH bronce 1¼""";0;k37_enero2026;Sanitarios / Griferías;Gaona;fb015fad-fb8a-47c1-b403-a4513fd08af0;"Codo 90° HH bronce 3/4""x1/2""";0;k37_enero2026;Sanitarios / Griferías;Gaona
0.700;revisar;b3cbf25b-f44d-4903-b565-1053e6236c1a;"Codo 90° HH bronce 1½""";0;k37_enero2026;Sanitarios / Griferías;Gaona;12530642-f648-407f-9c7a-7b910479bab8;"Codo 90° HH bronce 3/4""";0;k37_enero2026;Sanitarios / Griferías;Gaona
0.700;revisar;b3cbf25b-f44d-4903-b565-1053e6236c1a;"Codo 90° HH bronce 1½""";0;k37_enero2026;Sanitarios / Griferías;Gaona;fb015fad-fb8a-47c1-b403-a4513fd08af0;"Codo 90° HH bronce 3/4""x1/2""";0;k37_enero2026;Sanitarios / Griferías;Gaona
0.700;revisar;97c11bea-c6cd-4c3e-af70-f29bfe269bba;"Codo 90° MH bronce 1""";1;k37_enero2026;Mecánica;Iriarte;121fc3b6-26b3-4ceb-9de0-3d4a9b5201d2;"Codo 90° MH bronce 1/2""";8;k37_enero2026;Mecánica;Iriarte
0.700;revisar;97c11bea-c6cd-4c3e-af70-f29bfe269bba;"Codo 90° MH bronce 1""";1;k37_enero2026;Mecánica;Iriarte;e78bd1b7-c0d2-49d2-b6bb-86884e7f8d8f;"Codo 90° MH bronce 1/4""";0;k37_enero2026;Mecánica;Iriarte
0.700;revisar;97c11bea-c6cd-4c3e-af70-f29bfe269bba;"Codo 90° MH bronce 1""";1;k37_enero2026;Mecánica;Iriarte;635bc388-7a5d-47b8-8727-028753d06708;"Codo 90° MH bronce 2""";0;k37_enero2026;Mecánica;Iriarte
0.700;revisar;97c11bea-c6cd-4c3e-af70-f29bfe269bba;"Codo 90° MH bronce 1""";1;k37_enero2026;Mecánica;Iriarte;f1b5cc19-0a95-434c-a0ce-5a993ee365ce;"Codo 90° MH bronce 3/4""";2;k37_enero2026;Mecánica;Iriarte
0.700;revisar;121fc3b6-26b3-4ceb-9de0-3d4a9b5201d2;"Codo 90° MH bronce 1/2""";8;k37_enero2026;Mecánica;Iriarte;ed5861b9-ce58-4455-8dd7-95120e352159;"Codo 90° MH bronce 1¼""";0;k37_enero2026;Mecánica;Iriarte
0.700;revisar;121fc3b6-26b3-4ceb-9de0-3d4a9b5201d2;"Codo 90° MH bronce 1/2""";8;k37_enero2026;Mecánica;Iriarte;2038200f-0d12-4652-ac8e-f67213ea0cd9;"Codo 90° MH bronce 1½""";0;k37_enero2026;Sanitarios / Griferías;Gaona
0.700;revisar;121fc3b6-26b3-4ceb-9de0-3d4a9b5201d2;"Codo 90° MH bronce 1/2""";8;k37_enero2026;Mecánica;Iriarte;635bc388-7a5d-47b8-8727-028753d06708;"Codo 90° MH bronce 2""";0;k37_enero2026;Mecánica;Iriarte
0.700;revisar;121fc3b6-26b3-4ceb-9de0-3d4a9b5201d2;"Codo 90° MH bronce 1/2""";8;k37_enero2026;Mecánica;Iriarte;0947a975-ad91-4077-b204-9a170e1baa5d;"Codo 90º MH plástico 1/2"" x 1""";0;k37_enero2026;Sanitarios / Griferías;Gaona
0.700;revisar;e78bd1b7-c0d2-49d2-b6bb-86884e7f8d8f;"Codo 90° MH bronce 1/4""";0;k37_enero2026;Mecánica;Iriarte;ed5861b9-ce58-4455-8dd7-95120e352159;"Codo 90° MH bronce 1¼""";0;k37_enero2026;Mecánica;Iriarte
0.700;revisar;e78bd1b7-c0d2-49d2-b6bb-86884e7f8d8f;"Codo 90° MH bronce 1/4""";0;k37_enero2026;Mecánica;Iriarte;2038200f-0d12-4652-ac8e-f67213ea0cd9;"Codo 90° MH bronce 1½""";0;k37_enero2026;Sanitarios / Griferías;Gaona
0.700;revisar;e78bd1b7-c0d2-49d2-b6bb-86884e7f8d8f;"Codo 90° MH bronce 1/4""";0;k37_enero2026;Mecánica;Iriarte;635bc388-7a5d-47b8-8727-028753d06708;"Codo 90° MH bronce 2""";0;k37_enero2026;Mecánica;Iriarte
0.700;revisar;ed5861b9-ce58-4455-8dd7-95120e352159;"Codo 90° MH bronce 1¼""";0;k37_enero2026;Mecánica;Iriarte;635bc388-7a5d-47b8-8727-028753d06708;"Codo 90° MH bronce 2""";0;k37_enero2026;Mecánica;Iriarte
0.700;revisar;ed5861b9-ce58-4455-8dd7-95120e352159;"Codo 90° MH bronce 1¼""";0;k37_enero2026;Mecánica;Iriarte;f1b5cc19-0a95-434c-a0ce-5a993ee365ce;"Codo 90° MH bronce 3/4""";2;k37_enero2026;Mecánica;Iriarte
0.700;revisar;2038200f-0d12-4652-ac8e-f67213ea0cd9;"Codo 90° MH bronce 1½""";0;k37_enero2026;Sanitarios / Griferías;Gaona;635bc388-7a5d-47b8-8727-028753d06708;"Codo 90° MH bronce 2""";0;k37_enero2026;Mecánica;Iriarte
0.700;revisar;2038200f-0d12-4652-ac8e-f67213ea0cd9;"Codo 90° MH bronce 1½""";0;k37_enero2026;Sanitarios / Griferías;Gaona;f1b5cc19-0a95-434c-a0ce-5a993ee365ce;"Codo 90° MH bronce 3/4""";2;k37_enero2026;Mecánica;Iriarte
0.700;revisar;635bc388-7a5d-47b8-8727-028753d06708;"Codo 90° MH bronce 2""";0;k37_enero2026;Mecánica;Iriarte;f1b5cc19-0a95-434c-a0ce-5a993ee365ce;"Codo 90° MH bronce 3/4""";2;k37_enero2026;Mecánica;Iriarte
0.700;revisar;63011cfe-d390-46b0-9787-b680e9749b42;"Codo 90° MH plástico 1""";0;k37_enero2026;Sanitarios / Griferías;Gaona;6c5a29a1-1713-4934-90f5-03ce70c448ae;"Codo 90ª MH plastico 1 1/2""";1;import_k55_excel;Sanitarios / Griferías;Casa Iriarte
0.700;revisar;63011cfe-d390-46b0-9787-b680e9749b42;"Codo 90° MH plástico 1""";0;k37_enero2026;Sanitarios / Griferías;Gaona;0947a975-ad91-4077-b204-9a170e1baa5d;"Codo 90º MH plástico 1/2"" x 1""";0;k37_enero2026;Sanitarios / Griferías;Gaona
0.700;revisar;553320db-1284-4a14-ae5d-d01a79ac7619;"Cuchara bronce ranurada toma 1""";0;k37_enero2026;Mecánica;Iriarte;c5cbff54-de44-47f9-998c-d2a780a00d00;"Cuchara bronce ranurada toma 1/2""";1;import_k55_excel;Sanitarios / Griferías;
0.700;revisar;fd0533dd-4834-4184-b7a5-55037071f6ef;"Cupla Inoxidable 1 1/2""";1;import_k55_excel;Mecánica;;3d0da734-c4f8-47eb-af4f-34fa63f4690a;"Cupla Inoxidable 1""";5;k37_enero2026;TANQUES;Famiq
0.700;revisar;fd0533dd-4834-4184-b7a5-55037071f6ef;"Cupla Inoxidable 1 1/2""";1;import_k55_excel;Mecánica;;24433b54-8346-4612-b4dd-d745748f2833;"Cupla Inoxidable 1¼""";0;k37_enero2026;TANQUES;Famiq
0.700;revisar;fd0533dd-4834-4184-b7a5-55037071f6ef;"Cupla Inoxidable 1 1/2""";1;import_k55_excel;Mecánica;;7fa2f38d-bf43-4108-8213-7a961dac9df5;"Cupla Inoxidable 2""";1;k37_enero2026;TANQUES;Famiq
0.700;revisar;fcafe434-ee1b-4987-a3bc-59ec80a2a3d8;"Cupla Inoxidable 1 1/4""";3;import_k55_excel;Mecánica;;3d0da734-c4f8-47eb-af4f-34fa63f4690a;"Cupla Inoxidable 1""";5;k37_enero2026;TANQUES;Famiq
0.700;revisar;fcafe434-ee1b-4987-a3bc-59ec80a2a3d8;"Cupla Inoxidable 1 1/4""";3;import_k55_excel;Mecánica;;24433b54-8346-4612-b4dd-d745748f2833;"Cupla Inoxidable 1¼""";0;k37_enero2026;TANQUES;Famiq
0.700;revisar;fcafe434-ee1b-4987-a3bc-59ec80a2a3d8;"Cupla Inoxidable 1 1/4""";3;import_k55_excel;Mecánica;;7fa2f38d-bf43-4108-8213-7a961dac9df5;"Cupla Inoxidable 2""";1;k37_enero2026;TANQUES;Famiq
0.700;revisar;3d0da734-c4f8-47eb-af4f-34fa63f4690a;"Cupla Inoxidable 1""";5;k37_enero2026;TANQUES;Famiq;8d14e4c9-52d3-434f-b91a-ae8a5eeaff0f;"Cupla Inoxidable 1/2""";3;k37_enero2026;TANQUES;Famiq
0.700;revisar;3d0da734-c4f8-47eb-af4f-34fa63f4690a;"Cupla Inoxidable 1""";5;k37_enero2026;TANQUES;Famiq;83c43781-5008-4e3b-b451-d9f3a5d004ae;"Cupla Inoxidable 1/4""";5;k37_enero2026;TANQUES;Famiq
0.700;revisar;3d0da734-c4f8-47eb-af4f-34fa63f4690a;"Cupla Inoxidable 1""";5;k37_enero2026;TANQUES;Famiq;7fa2f38d-bf43-4108-8213-7a961dac9df5;"Cupla Inoxidable 2""";1;k37_enero2026;TANQUES;Famiq
0.700;revisar;3d0da734-c4f8-47eb-af4f-34fa63f4690a;"Cupla Inoxidable 1""";5;k37_enero2026;TANQUES;Famiq;4d48101b-51dd-471c-b036-f5545a434b5e;"Cupla Inoxidable 3/4""";3;k37_enero2026;TANQUES;Famiq
0.700;revisar;8d14e4c9-52d3-434f-b91a-ae8a5eeaff0f;"Cupla Inoxidable 1/2""";3;k37_enero2026;TANQUES;Famiq;24433b54-8346-4612-b4dd-d745748f2833;"Cupla Inoxidable 1¼""";0;k37_enero2026;TANQUES;Famiq
0.700;revisar;8d14e4c9-52d3-434f-b91a-ae8a5eeaff0f;"Cupla Inoxidable 1/2""";3;k37_enero2026;TANQUES;Famiq;7fa2f38d-bf43-4108-8213-7a961dac9df5;"Cupla Inoxidable 2""";1;k37_enero2026;TANQUES;Famiq
0.700;revisar;83c43781-5008-4e3b-b451-d9f3a5d004ae;"Cupla Inoxidable 1/4""";5;k37_enero2026;TANQUES;Famiq;24433b54-8346-4612-b4dd-d745748f2833;"Cupla Inoxidable 1¼""";0;k37_enero2026;TANQUES;Famiq
0.700;revisar;83c43781-5008-4e3b-b451-d9f3a5d004ae;"Cupla Inoxidable 1/4""";5;k37_enero2026;TANQUES;Famiq;7fa2f38d-bf43-4108-8213-7a961dac9df5;"Cupla Inoxidable 2""";1;k37_enero2026;TANQUES;Famiq
0.700;revisar;24433b54-8346-4612-b4dd-d745748f2833;"Cupla Inoxidable 1¼""";0;k37_enero2026;TANQUES;Famiq;7fa2f38d-bf43-4108-8213-7a961dac9df5;"Cupla Inoxidable 2""";1;k37_enero2026;TANQUES;Famiq
0.700;revisar;24433b54-8346-4612-b4dd-d745748f2833;"Cupla Inoxidable 1¼""";0;k37_enero2026;TANQUES;Famiq;4d48101b-51dd-471c-b036-f5545a434b5e;"Cupla Inoxidable 3/4""";3;k37_enero2026;TANQUES;Famiq
0.700;revisar;7fa2f38d-bf43-4108-8213-7a961dac9df5;"Cupla Inoxidable 2""";1;k37_enero2026;TANQUES;Famiq;4d48101b-51dd-471c-b036-f5545a434b5e;"Cupla Inoxidable 3/4""";3;k37_enero2026;TANQUES;Famiq
0.700;revisar;8aeed7ba-6154-4f2a-8629-14051035eb13;"Ducto aire AC 4""";0;k37_enero2026;Carpintería / Exterior / Varios;;ee7341b1-8afc-41df-920b-14bc3f57f33b;"Ducto aire AC 6""";0;k37_enero2026;Carpintería / Exterior / Varios;
0.700;revisar;1cd225a8-7247-4fa4-8ac2-4de9153355ff;"Ducto p/extractor de 3""";3;k37_enero2026;Carpintería / Exterior / Varios;Trimer;74c225a3-4816-4224-b441-3db8447f9e56;"Ducto p/extractor de 4""";0;k37_enero2026;Carpintería / Exterior / Varios;Trimer
0.700;revisar;87ea1a83-1b17-4dbb-81bb-305a82e08bab;"Entrerrosca 1"" bronce";2;k37_enero2026;Sanitarios / Griferías;Gaona;dfedeb19-e6a9-4b89-a9df-8ce94ded5967;"Entrerrosca 1/2"" bronce";4;k37_enero2026;Sanitarios / Griferías;Gaona
0.700;revisar;87ea1a83-1b17-4dbb-81bb-305a82e08bab;"Entrerrosca 1"" bronce";2;k37_enero2026;Sanitarios / Griferías;Gaona;8166e107-ae80-4e01-af04-b75662b81ce9;"Entrerrosca 1/2"" x 1/2"" bronce FLARE";0;k37_enero2026;Mecánica;Iriarte
0.700;revisar;87ea1a83-1b17-4dbb-81bb-305a82e08bab;"Entrerrosca 1"" bronce";2;k37_enero2026;Sanitarios / Griferías;Gaona;b0c65e7f-5040-4ab7-bdc9-8d1c72a2df3d;"Entrerrosca 1/4"" bronce";0;k37_enero2026;Mecánica;Iriarte
0.700;revisar;87ea1a83-1b17-4dbb-81bb-305a82e08bab;"Entrerrosca 1"" bronce";2;k37_enero2026;Sanitarios / Griferías;Gaona;916936d8-865a-4393-bb69-155ad254b08d;"Entrerrosca 3/4"" bronce";2;import_k55_excel;Sanitarios / Griferías;Casa Iriarte
0.700;revisar;92226c96-5ae8-4ce2-b786-d55e2a321dbe;"Filtro agua 1""";1;k37_enero2026;Mecánica;;56990c06-2345-4039-9743-b6be04711462;"Filtro agua 3/4""";2;import_k55_excel;Electricidad;Casa Iriarte
0.700;revisar;92226c96-5ae8-4ce2-b786-d55e2a321dbe;"Filtro agua 1""";1;k37_enero2026;Mecánica;;18c68ccb-4fdb-4c50-af42-1b332dc666e0;"Filtro de agua 1 1/2"" inox";0;k37_enero2026;Línea de eje;Abadie
0.700;revisar;f73c52ff-c485-4e92-a1ad-4eda604aec8c;Flexible 10mm hembra giratoria (pata);0;k37_enero2026;Mecánica;;d2b76171-156b-46e7-ac12-038a8987cff1;Flexible 10mm x1800mm hembra (pata);0;k37_enero2026;Mecánica;
0.700;revisar;c35cb2f0-17bc-46de-91a6-08af9d306709;"Manguera cristal alambre 1""";65;k37_enero2026;Sanitarios / Griferías;Rebollar;f7678623-410d-4e02-b299-ff72486dab9f;"Manguera cristal alambre 1/2""";0;k37_enero2026;Sanitarios / Griferías;Rebollar
0.700;revisar;c35cb2f0-17bc-46de-91a6-08af9d306709;"Manguera cristal alambre 1""";65;k37_enero2026;Sanitarios / Griferías;Rebollar;ff86736f-ccad-4a7d-86ff-1a1ef264f95b;"Manguera cristal alambre 3/4""";65;k37_enero2026;Mecánica;Rebollar
0.700;revisar;c35cb2f0-17bc-46de-91a6-08af9d306709;"Manguera cristal alambre 1""";65;k37_enero2026;Sanitarios / Griferías;Rebollar;e6185a35-96d0-429a-929a-962bfd355293;"Manguera cristal alambre 5/8""";0;k37_enero2026;Sanitarios / Griferías;Rebollar
0.700;revisar;f7678623-410d-4e02-b299-ff72486dab9f;"Manguera cristal alambre 1/2""";0;k37_enero2026;Sanitarios / Griferías;Rebollar;6a984479-40b7-4abe-8031-21a46f8cfd32;"Manguera cristal alambre 1½""";50;k37_enero2026;Sanitarios / Griferías;Rebollar
0.700;revisar;6a984479-40b7-4abe-8031-21a46f8cfd32;"Manguera cristal alambre 1½""";50;k37_enero2026;Sanitarios / Griferías;Rebollar;ff86736f-ccad-4a7d-86ff-1a1ef264f95b;"Manguera cristal alambre 3/4""";65;k37_enero2026;Mecánica;Rebollar
0.700;revisar;6a984479-40b7-4abe-8031-21a46f8cfd32;"Manguera cristal alambre 1½""";50;k37_enero2026;Sanitarios / Griferías;Rebollar;e6185a35-96d0-429a-929a-962bfd355293;"Manguera cristal alambre 5/8""";0;k37_enero2026;Sanitarios / Griferías;Rebollar
0.700;revisar;3813280c-0f78-4da6-9eca-c8af552f6739;"Manguera goma y tela 4"" int.";0;k37_enero2026;Mecánica;;f8e5131f-83a6-4a1b-819c-0e1cf8355152;"Manguera goma y tela 5"" int.";0;k37_enero2026;Línea de eje;Rebollar
0.700;revisar;a2aca126-68fd-403e-80b8-78bde716a403;"Manguera goma/tela hidrocarburo 2""";0;k37_enero2026;Mecánica;;68e17fcc-073f-48b9-9290-cb2e574a28f7;"Manguera goma/tela hidrocarburo 3/4""";0;k37_enero2026;Mecánica;
0.700;revisar;99af01d7-a758-40ab-90df-5583cd0dbd95;"Racor H a codo de 1 1/2"" plastico";5;import_k55_excel;Sanitarios / Griferías;Casa Iriarte;c3878c6d-e520-4d68-b75f-ea8cf3c40d7d;"Racor H a codo de 1"" plastico";12;import_k55_excel;Sanitarios / Griferías;Casa Iriarte
0.700;revisar;99af01d7-a758-40ab-90df-5583cd0dbd95;"Racor H a codo de 1 1/2"" plastico";5;import_k55_excel;Sanitarios / Griferías;Casa Iriarte;668fa92e-afb2-4924-8c98-858bb6bfe15c;"Racor M a codo de 1"" plastico";3;import_k55_excel;Sanitarios / Griferías;Casa Iriarte
0.700;revisar;99af01d7-a758-40ab-90df-5583cd0dbd95;"Racor H a codo de 1 1/2"" plastico";5;import_k55_excel;Sanitarios / Griferías;Casa Iriarte;85ca5b29-7008-4a34-a701-5406c399cc6b;"Racor M de 1"" plastico";5;import_k55_excel;Sanitarios / Griferías;Casa Iriarte
0.700;revisar;c3878c6d-e520-4d68-b75f-ea8cf3c40d7d;"Racor H a codo de 1"" plastico";12;import_k55_excel;Sanitarios / Griferías;Casa Iriarte;d487f214-b286-4bc2-92ad-7ca26e4eca97;"Racor H a codo de 1/2"" plastico";5;import_k55_excel;Sanitarios / Griferías;Casa Iriarte
0.700;revisar;c3878c6d-e520-4d68-b75f-ea8cf3c40d7d;"Racor H a codo de 1"" plastico";12;import_k55_excel;Sanitarios / Griferías;Casa Iriarte;1423da69-292c-43c4-8c4b-dceca50aebe2;"Racor H a codo de 3/4"" plastico";3;import_k55_excel;Sanitarios / Griferías;Casa Iriarte
0.700;revisar;c3878c6d-e520-4d68-b75f-ea8cf3c40d7d;"Racor H a codo de 1"" plastico";12;import_k55_excel;Sanitarios / Griferías;Casa Iriarte;2a9c3070-55a5-41a1-987c-434b17d4c8ea;"Racor M a codo de 1/2"" plastico";8;import_k55_excel;Sanitarios / Griferías;Casa Iriarte
0.700;revisar;c3878c6d-e520-4d68-b75f-ea8cf3c40d7d;"Racor H a codo de 1"" plastico";12;import_k55_excel;Sanitarios / Griferías;Casa Iriarte;f3e88136-de87-43eb-8fdb-d01220710902;"Racor M a codo de 3/4"" plastico";2;import_k55_excel;Sanitarios / Griferías;Casa Iriarte
0.700;revisar;d487f214-b286-4bc2-92ad-7ca26e4eca97;"Racor H a codo de 1/2"" plastico";5;import_k55_excel;Sanitarios / Griferías;Casa Iriarte;668fa92e-afb2-4924-8c98-858bb6bfe15c;"Racor M a codo de 1"" plastico";3;import_k55_excel;Sanitarios / Griferías;Casa Iriarte
0.700;revisar;d487f214-b286-4bc2-92ad-7ca26e4eca97;"Racor H a codo de 1/2"" plastico";5;import_k55_excel;Sanitarios / Griferías;Casa Iriarte;85ca5b29-7008-4a34-a701-5406c399cc6b;"Racor M de 1"" plastico";5;import_k55_excel;Sanitarios / Griferías;Casa Iriarte
0.700;revisar;1423da69-292c-43c4-8c4b-dceca50aebe2;"Racor H a codo de 3/4"" plastico";3;import_k55_excel;Sanitarios / Griferías;Casa Iriarte;668fa92e-afb2-4924-8c98-858bb6bfe15c;"Racor M a codo de 1"" plastico";3;import_k55_excel;Sanitarios / Griferías;Casa Iriarte
0.700;revisar;1423da69-292c-43c4-8c4b-dceca50aebe2;"Racor H a codo de 3/4"" plastico";3;import_k55_excel;Sanitarios / Griferías;Casa Iriarte;85ca5b29-7008-4a34-a701-5406c399cc6b;"Racor M de 1"" plastico";5;import_k55_excel;Sanitarios / Griferías;Casa Iriarte
0.700;revisar;668fa92e-afb2-4924-8c98-858bb6bfe15c;"Racor M a codo de 1"" plastico";3;import_k55_excel;Sanitarios / Griferías;Casa Iriarte;2a9c3070-55a5-41a1-987c-434b17d4c8ea;"Racor M a codo de 1/2"" plastico";8;import_k55_excel;Sanitarios / Griferías;Casa Iriarte
0.700;revisar;668fa92e-afb2-4924-8c98-858bb6bfe15c;"Racor M a codo de 1"" plastico";3;import_k55_excel;Sanitarios / Griferías;Casa Iriarte;f3e88136-de87-43eb-8fdb-d01220710902;"Racor M a codo de 3/4"" plastico";2;import_k55_excel;Sanitarios / Griferías;Casa Iriarte
0.700;revisar;2a9c3070-55a5-41a1-987c-434b17d4c8ea;"Racor M a codo de 1/2"" plastico";8;import_k55_excel;Sanitarios / Griferías;Casa Iriarte;85ca5b29-7008-4a34-a701-5406c399cc6b;"Racor M de 1"" plastico";5;import_k55_excel;Sanitarios / Griferías;Casa Iriarte
0.700;revisar;f3e88136-de87-43eb-8fdb-d01220710902;"Racor M a codo de 3/4"" plastico";2;import_k55_excel;Sanitarios / Griferías;Casa Iriarte;85ca5b29-7008-4a34-a701-5406c399cc6b;"Racor M de 1"" plastico";5;import_k55_excel;Sanitarios / Griferías;Casa Iriarte
0.700;revisar;85ca5b29-7008-4a34-a701-5406c399cc6b;"Racor M de 1"" plastico";5;import_k55_excel;Sanitarios / Griferías;Casa Iriarte;cb050c93-4887-4da3-a5c9-159ba60fb2e2;"Racor M de 1/2"" plastico";2;import_k55_excel;Sanitarios / Griferías;
0.700;revisar;85ca5b29-7008-4a34-a701-5406c399cc6b;"Racor M de 1"" plastico";5;import_k55_excel;Sanitarios / Griferías;Casa Iriarte;f0ee8532-c1d6-4bd3-b8f7-de12839abb0e;"Racor M de 3/4"" plastico";7;import_k55_excel;Sanitarios / Griferías;Casa Iriarte
0.700;revisar;85ca5b29-7008-4a34-a701-5406c399cc6b;"Racor M de 1"" plastico";5;import_k55_excel;Sanitarios / Griferías;Casa Iriarte;9b83346f-06ef-4a6d-a05d-399077dcdd18;"Racor macho 1""x3/4"" plástico";0;k37_enero2026;Sanitarios / Griferías;Iriarte
0.700;revisar;ee4907f6-c15e-476c-bacf-a4981ba991ef;Rejilla D60 Obturable Negra - Calefactor Autoterm;4;import_k55_excel;Sanitarios / Griferías;Baron;b2830c16-2f31-4bb0-9b7e-60368c734e8b;Rejilla D90 Obturable Negra - Calefactor Autoterm;5;import_k55_excel;Sanitarios / Griferías;Baron
0.700;revisar;737e57e3-9656-4111-bdf3-191d4362c7c5;Sensor agua 115cm;2;import_k55_excel;Electricidad;Flojumar;e642376a-416a-4c0c-9c89-3fa3d260a3c6;"Sensor agua 8""";0;k37_enero2026;Mecánica;Baron
0.700;revisar;46b7c591-8e31-4943-b576-e8beb2ded1b6;"TV 32"" Hd H5000 Smart";1;import_k55_excel;Electricidad;;5abeafdc-f75b-4ebe-a000-880cfe189716;"TV 32"" Smart";0;k37_enero2026;Electricidad;
0.700;revisar;03a89f73-3577-409a-a9e0-f5f88dfc6e92;"Tapón bronce 1""";0;k37_enero2026;Mecánica;Gaona;82664e94-0b42-4d5d-934d-240492f83be2;"Tapón bronce 1/4""";0;k37_enero2026;Mecánica;Iriarte
0.700;revisar;ea15a6a2-1a99-44c3-9b1e-873c08f9b4b0;"Toma pasacasco 1 1/2"" bronce";6;k37_enero2026;Sanitarios / Griferías;Iriarte;0d3ba5ed-e6e9-41f5-938a-77a20437cad0;"Toma pasacasco 1"" bronce";9;k37_enero2026;Mecánica;Iriarte
0.700;revisar;ea15a6a2-1a99-44c3-9b1e-873c08f9b4b0;"Toma pasacasco 1 1/2"" bronce";6;k37_enero2026;Sanitarios / Griferías;Iriarte;6fec5c85-30b4-4b68-940c-55ef4c1db1a6;"Toma pasacasco 2"" bronce";0;k37_enero2026;Mecánica;Iriarte
0.700;revisar;d8c5b7f3-be45-473e-801d-56d5f739106d;"Toma pasacasco 1 1/4"" bronce";0;k37_enero2026;Mecánica;Iriarte;0d3ba5ed-e6e9-41f5-938a-77a20437cad0;"Toma pasacasco 1"" bronce";9;k37_enero2026;Mecánica;Iriarte
0.700;revisar;d8c5b7f3-be45-473e-801d-56d5f739106d;"Toma pasacasco 1 1/4"" bronce";0;k37_enero2026;Mecánica;Iriarte;6fec5c85-30b4-4b68-940c-55ef4c1db1a6;"Toma pasacasco 2"" bronce";0;k37_enero2026;Mecánica;Iriarte
0.700;revisar;0d3ba5ed-e6e9-41f5-938a-77a20437cad0;"Toma pasacasco 1"" bronce";9;k37_enero2026;Mecánica;Iriarte;6fec5c85-30b4-4b68-940c-55ef4c1db1a6;"Toma pasacasco 2"" bronce";0;k37_enero2026;Mecánica;Iriarte
0.700;revisar;0d3ba5ed-e6e9-41f5-938a-77a20437cad0;"Toma pasacasco 1"" bronce";9;k37_enero2026;Mecánica;Iriarte;4b5668ec-7f50-4c9d-9893-6e729e249c9a;"Toma pasacasco 3/4"" bronce";6;k37_enero2026;Sanitarios / Griferías;Iriarte
0.700;revisar;6fec5c85-30b4-4b68-940c-55ef4c1db1a6;"Toma pasacasco 2"" bronce";0;k37_enero2026;Mecánica;Iriarte;4b5668ec-7f50-4c9d-9893-6e729e249c9a;"Toma pasacasco 3/4"" bronce";6;k37_enero2026;Sanitarios / Griferías;Iriarte
0.700;revisar;c878cad9-cff6-4ca9-8c5c-04707c93dfce;"Valvula de un solo sentido para bombas de achique 1 1/2""";2;import_k55_excel;Sanitarios / Griferías;Casa Iriarte;c3f8e2f9-83b7-4e97-977a-e03b490d4bd5;"Valvula de un solo sentido para bombas de achique 1""";4;import_k55_excel;Sanitarios / Griferías;Casa Iriarte
0.700;revisar;33e80f58-d706-4082-9b31-7e8914eedfb8;Ventana lateral casco B1a Templado 10mm curvo;0;k37_enero2026;Vidrios / Acrílicos;Mercoglass/Favicur;3a9153a2-832a-4422-8db7-9a6383881e2c;Ventana lateral casco B2 Templado 10mm;0;k37_enero2026;Vidrios / Acrílicos;Mercoglass/Favicur
0.700;revisar;33e80f58-d706-4082-9b31-7e8914eedfb8;Ventana lateral casco B1a Templado 10mm curvo;0;k37_enero2026;Vidrios / Acrílicos;Mercoglass/Favicur;77fe10c2-771b-4c51-a0af-c0b0626b76f8;Ventana lateral casco B3 Templado 10mm;0;k37_enero2026;Vidrios / Acrílicos;Mercoglass/Favicur
0.700;revisar;33e80f58-d706-4082-9b31-7e8914eedfb8;Ventana lateral casco B1a Templado 10mm curvo;0;k37_enero2026;Vidrios / Acrílicos;Mercoglass/Favicur;ace61c18-99b1-4358-8411-329e47b111ef;Ventana lateral casco B4 Templado 10mm;0;k37_enero2026;Vidrios / Acrílicos;Mercoglass/Favicur
0.700;revisar;33e80f58-d706-4082-9b31-7e8914eedfb8;Ventana lateral casco B1a Templado 10mm curvo;0;k37_enero2026;Vidrios / Acrílicos;Mercoglass/Favicur;701f459c-feb0-4d14-89f8-a372350def73;Ventana lateral casco E2 Templado 10mm;0;k37_enero2026;Vidrios / Acrílicos;Mercoglass/Favicur
0.700;revisar;33e80f58-d706-4082-9b31-7e8914eedfb8;Ventana lateral casco B1a Templado 10mm curvo;0;k37_enero2026;Vidrios / Acrílicos;Mercoglass/Favicur;591ca286-82bf-41db-883b-af3e4695fa6c;Ventana lateral casco E3 Templado 10mm;0;k37_enero2026;Vidrios / Acrílicos;Mercoglass/Favicur
0.700;revisar;33e80f58-d706-4082-9b31-7e8914eedfb8;Ventana lateral casco B1a Templado 10mm curvo;0;k37_enero2026;Vidrios / Acrílicos;Mercoglass/Favicur;cd2955a6-87b2-4d6f-bd85-a4247c42172b;Ventana lateral casco E4 Templado 10mm;0;k37_enero2026;Vidrios / Acrílicos;Mercoglass/Favicur
0.700;revisar;93c15110-1096-4c30-bcae-3ac7f4341365;Ventana lateral casco B1b Templado 10mm curvo;0;k37_enero2026;Vidrios / Acrílicos;Mercoglass/Favicur;3a9153a2-832a-4422-8db7-9a6383881e2c;Ventana lateral casco B2 Templado 10mm;0;k37_enero2026;Vidrios / Acrílicos;Mercoglass/Favicur
0.700;revisar;93c15110-1096-4c30-bcae-3ac7f4341365;Ventana lateral casco B1b Templado 10mm curvo;0;k37_enero2026;Vidrios / Acrílicos;Mercoglass/Favicur;77fe10c2-771b-4c51-a0af-c0b0626b76f8;Ventana lateral casco B3 Templado 10mm;0;k37_enero2026;Vidrios / Acrílicos;Mercoglass/Favicur
0.700;revisar;93c15110-1096-4c30-bcae-3ac7f4341365;Ventana lateral casco B1b Templado 10mm curvo;0;k37_enero2026;Vidrios / Acrílicos;Mercoglass/Favicur;ace61c18-99b1-4358-8411-329e47b111ef;Ventana lateral casco B4 Templado 10mm;0;k37_enero2026;Vidrios / Acrílicos;Mercoglass/Favicur
0.700;revisar;93c15110-1096-4c30-bcae-3ac7f4341365;Ventana lateral casco B1b Templado 10mm curvo;0;k37_enero2026;Vidrios / Acrílicos;Mercoglass/Favicur;701f459c-feb0-4d14-89f8-a372350def73;Ventana lateral casco E2 Templado 10mm;0;k37_enero2026;Vidrios / Acrílicos;Mercoglass/Favicur
0.700;revisar;93c15110-1096-4c30-bcae-3ac7f4341365;Ventana lateral casco B1b Templado 10mm curvo;0;k37_enero2026;Vidrios / Acrílicos;Mercoglass/Favicur;591ca286-82bf-41db-883b-af3e4695fa6c;Ventana lateral casco E3 Templado 10mm;0;k37_enero2026;Vidrios / Acrílicos;Mercoglass/Favicur
0.700;revisar;93c15110-1096-4c30-bcae-3ac7f4341365;Ventana lateral casco B1b Templado 10mm curvo;0;k37_enero2026;Vidrios / Acrílicos;Mercoglass/Favicur;cd2955a6-87b2-4d6f-bd85-a4247c42172b;Ventana lateral casco E4 Templado 10mm;0;k37_enero2026;Vidrios / Acrílicos;Mercoglass/Favicur
0.700;revisar;3a9153a2-832a-4422-8db7-9a6383881e2c;Ventana lateral casco B2 Templado 10mm;0;k37_enero2026;Vidrios / Acrílicos;Mercoglass/Favicur;77fe10c2-771b-4c51-a0af-c0b0626b76f8;Ventana lateral casco B3 Templado 10mm;0;k37_enero2026;Vidrios / Acrílicos;Mercoglass/Favicur
0.700;revisar;3a9153a2-832a-4422-8db7-9a6383881e2c;Ventana lateral casco B2 Templado 10mm;0;k37_enero2026;Vidrios / Acrílicos;Mercoglass/Favicur;ace61c18-99b1-4358-8411-329e47b111ef;Ventana lateral casco B4 Templado 10mm;0;k37_enero2026;Vidrios / Acrílicos;Mercoglass/Favicur
0.700;revisar;3a9153a2-832a-4422-8db7-9a6383881e2c;Ventana lateral casco B2 Templado 10mm;0;k37_enero2026;Vidrios / Acrílicos;Mercoglass/Favicur;1c19421d-1a06-45c0-b729-a3713d2008b0;Ventana lateral casco E1a Templado 10mm curvo;0;k37_enero2026;Vidrios / Acrílicos;Mercoglass/Favicur
0.700;revisar;3a9153a2-832a-4422-8db7-9a6383881e2c;Ventana lateral casco B2 Templado 10mm;0;k37_enero2026;Vidrios / Acrílicos;Mercoglass/Favicur;27d4c9c6-9b0b-40c6-b3b4-6c58168db926;Ventana lateral casco E1b Templado 10mm curvo;0;k37_enero2026;Vidrios / Acrílicos;Mercoglass/Favicur
0.700;revisar;3a9153a2-832a-4422-8db7-9a6383881e2c;Ventana lateral casco B2 Templado 10mm;0;k37_enero2026;Vidrios / Acrílicos;Mercoglass/Favicur;591ca286-82bf-41db-883b-af3e4695fa6c;Ventana lateral casco E3 Templado 10mm;0;k37_enero2026;Vidrios / Acrílicos;Mercoglass/Favicur
0.700;revisar;3a9153a2-832a-4422-8db7-9a6383881e2c;Ventana lateral casco B2 Templado 10mm;0;k37_enero2026;Vidrios / Acrílicos;Mercoglass/Favicur;cd2955a6-87b2-4d6f-bd85-a4247c42172b;Ventana lateral casco E4 Templado 10mm;0;k37_enero2026;Vidrios / Acrílicos;Mercoglass/Favicur
0.700;revisar;77fe10c2-771b-4c51-a0af-c0b0626b76f8;Ventana lateral casco B3 Templado 10mm;0;k37_enero2026;Vidrios / Acrílicos;Mercoglass/Favicur;ace61c18-99b1-4358-8411-329e47b111ef;Ventana lateral casco B4 Templado 10mm;0;k37_enero2026;Vidrios / Acrílicos;Mercoglass/Favicur
0.700;revisar;77fe10c2-771b-4c51-a0af-c0b0626b76f8;Ventana lateral casco B3 Templado 10mm;0;k37_enero2026;Vidrios / Acrílicos;Mercoglass/Favicur;1c19421d-1a06-45c0-b729-a3713d2008b0;Ventana lateral casco E1a Templado 10mm curvo;0;k37_enero2026;Vidrios / Acrílicos;Mercoglass/Favicur
0.700;revisar;77fe10c2-771b-4c51-a0af-c0b0626b76f8;Ventana lateral casco B3 Templado 10mm;0;k37_enero2026;Vidrios / Acrílicos;Mercoglass/Favicur;27d4c9c6-9b0b-40c6-b3b4-6c58168db926;Ventana lateral casco E1b Templado 10mm curvo;0;k37_enero2026;Vidrios / Acrílicos;Mercoglass/Favicur
0.700;revisar;77fe10c2-771b-4c51-a0af-c0b0626b76f8;Ventana lateral casco B3 Templado 10mm;0;k37_enero2026;Vidrios / Acrílicos;Mercoglass/Favicur;701f459c-feb0-4d14-89f8-a372350def73;Ventana lateral casco E2 Templado 10mm;0;k37_enero2026;Vidrios / Acrílicos;Mercoglass/Favicur
0.700;revisar;77fe10c2-771b-4c51-a0af-c0b0626b76f8;Ventana lateral casco B3 Templado 10mm;0;k37_enero2026;Vidrios / Acrílicos;Mercoglass/Favicur;cd2955a6-87b2-4d6f-bd85-a4247c42172b;Ventana lateral casco E4 Templado 10mm;0;k37_enero2026;Vidrios / Acrílicos;Mercoglass/Favicur
0.700;revisar;ace61c18-99b1-4358-8411-329e47b111ef;Ventana lateral casco B4 Templado 10mm;0;k37_enero2026;Vidrios / Acrílicos;Mercoglass/Favicur;1c19421d-1a06-45c0-b729-a3713d2008b0;Ventana lateral casco E1a Templado 10mm curvo;0;k37_enero2026;Vidrios / Acrílicos;Mercoglass/Favicur
0.700;revisar;ace61c18-99b1-4358-8411-329e47b111ef;Ventana lateral casco B4 Templado 10mm;0;k37_enero2026;Vidrios / Acrílicos;Mercoglass/Favicur;27d4c9c6-9b0b-40c6-b3b4-6c58168db926;Ventana lateral casco E1b Templado 10mm curvo;0;k37_enero2026;Vidrios / Acrílicos;Mercoglass/Favicur
0.700;revisar;ace61c18-99b1-4358-8411-329e47b111ef;Ventana lateral casco B4 Templado 10mm;0;k37_enero2026;Vidrios / Acrílicos;Mercoglass/Favicur;701f459c-feb0-4d14-89f8-a372350def73;Ventana lateral casco E2 Templado 10mm;0;k37_enero2026;Vidrios / Acrílicos;Mercoglass/Favicur
0.700;revisar;ace61c18-99b1-4358-8411-329e47b111ef;Ventana lateral casco B4 Templado 10mm;0;k37_enero2026;Vidrios / Acrílicos;Mercoglass/Favicur;591ca286-82bf-41db-883b-af3e4695fa6c;Ventana lateral casco E3 Templado 10mm;0;k37_enero2026;Vidrios / Acrílicos;Mercoglass/Favicur
0.700;revisar;1c19421d-1a06-45c0-b729-a3713d2008b0;Ventana lateral casco E1a Templado 10mm curvo;0;k37_enero2026;Vidrios / Acrílicos;Mercoglass/Favicur;701f459c-feb0-4d14-89f8-a372350def73;Ventana lateral casco E2 Templado 10mm;0;k37_enero2026;Vidrios / Acrílicos;Mercoglass/Favicur
0.700;revisar;1c19421d-1a06-45c0-b729-a3713d2008b0;Ventana lateral casco E1a Templado 10mm curvo;0;k37_enero2026;Vidrios / Acrílicos;Mercoglass/Favicur;591ca286-82bf-41db-883b-af3e4695fa6c;Ventana lateral casco E3 Templado 10mm;0;k37_enero2026;Vidrios / Acrílicos;Mercoglass/Favicur
0.700;revisar;1c19421d-1a06-45c0-b729-a3713d2008b0;Ventana lateral casco E1a Templado 10mm curvo;0;k37_enero2026;Vidrios / Acrílicos;Mercoglass/Favicur;cd2955a6-87b2-4d6f-bd85-a4247c42172b;Ventana lateral casco E4 Templado 10mm;0;k37_enero2026;Vidrios / Acrílicos;Mercoglass/Favicur
0.700;revisar;27d4c9c6-9b0b-40c6-b3b4-6c58168db926;Ventana lateral casco E1b Templado 10mm curvo;0;k37_enero2026;Vidrios / Acrílicos;Mercoglass/Favicur;701f459c-feb0-4d14-89f8-a372350def73;Ventana lateral casco E2 Templado 10mm;0;k37_enero2026;Vidrios / Acrílicos;Mercoglass/Favicur
0.700;revisar;27d4c9c6-9b0b-40c6-b3b4-6c58168db926;Ventana lateral casco E1b Templado 10mm curvo;0;k37_enero2026;Vidrios / Acrílicos;Mercoglass/Favicur;591ca286-82bf-41db-883b-af3e4695fa6c;Ventana lateral casco E3 Templado 10mm;0;k37_enero2026;Vidrios / Acrílicos;Mercoglass/Favicur
0.700;revisar;27d4c9c6-9b0b-40c6-b3b4-6c58168db926;Ventana lateral casco E1b Templado 10mm curvo;0;k37_enero2026;Vidrios / Acrílicos;Mercoglass/Favicur;cd2955a6-87b2-4d6f-bd85-a4247c42172b;Ventana lateral casco E4 Templado 10mm;0;k37_enero2026;Vidrios / Acrílicos;Mercoglass/Favicur
0.700;revisar;701f459c-feb0-4d14-89f8-a372350def73;Ventana lateral casco E2 Templado 10mm;0;k37_enero2026;Vidrios / Acrílicos;Mercoglass/Favicur;591ca286-82bf-41db-883b-af3e4695fa6c;Ventana lateral casco E3 Templado 10mm;0;k37_enero2026;Vidrios / Acrílicos;Mercoglass/Favicur
0.700;revisar;701f459c-feb0-4d14-89f8-a372350def73;Ventana lateral casco E2 Templado 10mm;0;k37_enero2026;Vidrios / Acrílicos;Mercoglass/Favicur;cd2955a6-87b2-4d6f-bd85-a4247c42172b;Ventana lateral casco E4 Templado 10mm;0;k37_enero2026;Vidrios / Acrílicos;Mercoglass/Favicur
0.700;revisar;591ca286-82bf-41db-883b-af3e4695fa6c;Ventana lateral casco E3 Templado 10mm;0;k37_enero2026;Vidrios / Acrílicos;Mercoglass/Favicur;cd2955a6-87b2-4d6f-bd85-a4247c42172b;Ventana lateral casco E4 Templado 10mm;0;k37_enero2026;Vidrios / Acrílicos;Mercoglass/Favicur
0.700;revisar;48c22565-86af-46cb-8137-68a085227de7;"Válvula esférica 1 1/2"" HH";0;k37_enero2026;Sanitarios / Griferías;Gaona;f750313f-4ad7-48a6-98e7-da5609999787;"Válvula esférica 1"" HH";1;k37_enero2026;Mecánica;Gaona
0.700;revisar;48c22565-86af-46cb-8137-68a085227de7;"Válvula esférica 1 1/2"" HH";0;k37_enero2026;Sanitarios / Griferías;Gaona;775705e6-0396-40cf-9b5a-c381f382b1ef;"Válvula esférica 2"" HH";0;k37_enero2026;Mecánica;Gaona
0.700;revisar;7adeaffb-bf55-4ed6-a1f4-df56942b21a8;"Válvula esférica 1 1/4"" HH";0;k37_enero2026;Mecánica;Gaona;f750313f-4ad7-48a6-98e7-da5609999787;"Válvula esférica 1"" HH";1;k37_enero2026;Mecánica;Gaona
0.700;revisar;7adeaffb-bf55-4ed6-a1f4-df56942b21a8;"Válvula esférica 1 1/4"" HH";0;k37_enero2026;Mecánica;Gaona;775705e6-0396-40cf-9b5a-c381f382b1ef;"Válvula esférica 2"" HH";0;k37_enero2026;Mecánica;Gaona
0.700;revisar;f750313f-4ad7-48a6-98e7-da5609999787;"Válvula esférica 1"" HH";1;k37_enero2026;Mecánica;Gaona;57ebb90c-239a-4bc1-b945-69f63dd9eda8;"Válvula esférica 1/2"" HH";9;k37_enero2026;Mecánica;Gaona
0.700;revisar;f750313f-4ad7-48a6-98e7-da5609999787;"Válvula esférica 1"" HH";1;k37_enero2026;Mecánica;Gaona;775705e6-0396-40cf-9b5a-c381f382b1ef;"Válvula esférica 2"" HH";0;k37_enero2026;Mecánica;Gaona
0.700;revisar;f750313f-4ad7-48a6-98e7-da5609999787;"Válvula esférica 1"" HH";1;k37_enero2026;Mecánica;Gaona;41d63574-fe31-4cf4-97d2-04fe7dfdca5b;"Válvula esférica 3/4"" HH";2;import_k55_excel;Sanitarios / Griferías;Casa Iriarte
0.700;revisar;57ebb90c-239a-4bc1-b945-69f63dd9eda8;"Válvula esférica 1/2"" HH";9;k37_enero2026;Mecánica;Gaona;775705e6-0396-40cf-9b5a-c381f382b1ef;"Válvula esférica 2"" HH";0;k37_enero2026;Mecánica;Gaona
0.700;revisar;775705e6-0396-40cf-9b5a-c381f382b1ef;"Válvula esférica 2"" HH";0;k37_enero2026;Mecánica;Gaona;41d63574-fe31-4cf4-97d2-04fe7dfdca5b;"Válvula esférica 3/4"" HH";2;import_k55_excel;Sanitarios / Griferías;Casa Iriarte
